발생년,발생년월일시,주야,요일,사망자수,부상자수,중상자수,경상자수,부상신고자수,발생지시도,발생지시군구,사고유형_대분류,사고유형_중분류,사고유형,가해자법규위반,도로형태_대분류,도로형태,가해자_당사자종별,피해자_당사자종별,발생위치X_UTMK,발생위치Y_UTMK,경도,위도
2022,2022-02-20 11:00,주,일,1,0,0,0,0,경북,구미시,차량단독,전도,전도,안전운전 의무 불이행,교차로,교차로내,사륜오토바이(ATV),없음,1074778,1801518,128.33187057,36.20793908
2022,2022-02-20 14:00,주,일,1,0,0,0,0,경기,여주시,차량단독,기타,기타,안전운전 의무 불이행,단일로,기타단일로,농기계,없음,997606,1934425,127.47294833,37.40894625
2022,2022-02-20 16:00,주,일,2,6,6,0,0,경기,평택시,차대차,측면충돌,측면충돌,기타,단일로,기타단일로,승합차,승용차,960034,1891127,127.05071952,37.01780625
2022,2022-02-20 18:00,야,일,1,0,0,0,0,경기,남양주시,차대사람,횡단중,횡단중,안전운전 의무 불이행,단일로,기타단일로,승용차,보행자,973037,1960818,127.19435688,37.64645
2022,2022-02-20 20:00,야,일,1,0,0,0,0,서울,송파구,차량단독,전도,전도,안전운전 의무 불이행,단일로,기타단일로,이륜차,없음,965437,1944152,127.10899369,37.49597891
2022,2022-02-20 21:00,야,일,1,0,0,0,0,충남,보령시,차량단독,전도,전도,안전운전 의무 불이행,단일로,기타단일로,승용차,없음,927034,1822269,126.68634446,36.39513903
2022,2022-02-21 20:00,야,월,1,0,0,0,0,충남,당진시,차대사람,횡단중,횡단중,안전운전 의무 불이행,단일로,기타단일로,승용차,보행자,927238,1882051,126.68294263,36.93403104
2022,2022-02-22 00:00,야,화,1,1,0,1,0,서울,중랑구,차대사람,횡단중,횡단중,안전운전 의무 불이행,단일로,기타단일로,승용차,보행자,964873,1957476,127.10197513,37.61605167
2022,2022-02-22 05:00,야,화,1,0,0,0,0,경기,부천시,차대차,기타,기타,안전운전 의무 불이행,단일로,기타단일로,화물차,승용차,939054,1945229,126.8104528,37.50432109
2022,2022-02-22 06:00,주,화,1,0,0,0,0,부산,남구,차대사람,보도통행중,보도통행중,안전운전 의무 불이행,교차로,교차로부근,건설기계,보행자,1143481,1682203,129.07469321,35.12480334
2022,2022-02-22 07:00,주,화,1,0,0,0,0,경기,김포시,차량단독,공작물충돌,공작물충돌,안전운전 의무 불이행,교차로,교차로부근,화물차,없음,916646,1965236,126.55467617,37.68287828
2022,2022-02-22 10:00,주,화,1,0,0,0,0,경북,영천시,차대차,측면충돌,측면충돌,안전거리 미확보,교차로,교차로부근,이륜차,승용차,1119101,1778203,128.82132308,35.99334979
2022,2022-02-22 10:00,주,화,1,1,1,0,0,경북,고령군,차대차,기타,기타,안전운전 의무 불이행,교차로,교차로내,화물차,이륜차,1070834,1752165,128.28358738,35.76331302
2022,2022-02-22 10:00,주,화,1,0,0,0,0,경기,화성시,차대차,추돌,추돌,안전운전 의무 불이행,단일로,기타단일로,화물차,승용차,933130,1919149,126.74579171,37.26885038
2022,2022-02-22 11:00,주,화,1,0,0,0,0,경남,사천시,차대사람,기타,기타,안전운전 의무 불이행,단일로,기타단일로,화물차,보행자,1053380,1661622,128.08460287,34.94804088
2022,2022-02-22 22:00,야,화,2,2,0,2,0,전북,익산시,차량단독,도로이탈,도로이탈 기타,기타,교차로,교차로부근,승용차,없음,946237,1770158,126.90403426,35.9266143
2022,2022-02-23 02:00,야,수,2,0,0,0,0,서울,강동구,차량단독,공작물충돌,공작물충돌,안전운전 의무 불이행,단일로,기타단일로,이륜차,없음,969421,1949170,127.15385445,37.54134909
2022,2022-02-23 04:00,야,수,1,0,0,0,0,서울,마포구,차대사람,기타,기타,안전운전 의무 불이행,교차로,교차로내,승용차,보행자,947706,1952257,126.90783625,37.56819621
2022,2022-02-23 06:00,주,수,1,0,0,0,0,전북,정읍시,차대사람,횡단중,횡단중,기타,교차로,교차로내,화물차,보행자,941380,1729722,126.85315318,35.56177409
2022,2022-02-23 09:00,주,수,1,4,4,0,0,경기,안성시,차대차,추돌,추돌,안전운전 의무 불이행,단일로,기타단일로,화물차,화물차,996204,1898320,127.4572901,37.08348922
2022,2022-02-23 10:00,주,수,1,0,0,0,0,경기,성남시,차대사람,기타,기타,기타,기타,기타,승용차,보행자,966357,1931105,127.11999638,37.37841293
2022,2022-02-23 12:00,주,수,1,1,1,0,0,경북,문경시,철길건널목,철길건널목,철길건널목,기타,철길건널목,철길건널목,승용차,기타,1063537,1845298,128.21041299,36.60340385
2022,2022-02-23 19:00,야,수,1,0,0,0,0,인천,옹진군,차대사람,길가장자리구역통행중,길가장자리구역통행중,안전운전 의무 불이행,단일로,기타단일로,승용차,보행자,752100,1999824,124.67808969,37.96455041
2022,2022-02-23 22:00,야,수,1,0,0,0,0,경북,칠곡군,차대사람,횡단중,횡단중,보행자 보호의무 위반,교차로,교차로횡단보도내,승용차,보행자,1076031,1786009,128.34430896,36.06803159
2022,2022-02-23 22:00,야,수,1,0,0,0,0,경남,양산시,차량단독,공작물충돌,공작물충돌,안전운전 의무 불이행,단일로,기타단일로,승용차,없음,1129397,1712091,128.92487607,35.39613121
2022,2022-02-24 12:00,주,목,1,4,0,4,0,울산,북구,차대차,추돌,추돌,안전운전 의무 불이행,교차로,교차로부근,화물차,화물차,1168262,1740851,129.35863516,35.64950954
2022,2022-02-24 13:00,주,목,1,1,1,0,0,경기,부천시,차대사람,기타,기타,신호위반,교차로,교차로횡단보도내,승합차,보행자,934196,1946529,126.75537676,37.51570423
2022,2022-02-24 14:00,주,목,1,0,0,0,0,충북,진천군,차대사람,횡단중,횡단중,안전운전 의무 불이행,단일로,지하차도(도로)내,화물차,보행자,1000508,1871959,127.50569792,36.84586598
2022,2022-02-24 20:00,야,목,1,0,0,0,0,부산,강서구,차대차,측면충돌,측면충돌,신호위반,교차로,교차로내,화물차,자전거,1120952,1678498,128.826962,35.09436338
2022,2022-02-25 00:00,야,금,1,0,0,0,0,경남,고성군,차량단독,기타,기타,안전운전 의무 불이행,교차로,교차로내,승용차,없음,1078318,1670875,128.35856473,35.02984876
2022,2022-02-25 05:00,야,금,1,0,0,0,0,서울,구로구,차대사람,횡단중,횡단중,안전운전 의무 불이행,단일로,기타단일로,승용차,보행자,945870,1944341,126.88763057,37.49674239
2022,2022-02-25 08:00,주,금,1,0,0,0,0,전북,김제시,차량단독,전도,전도,안전운전 의무 불이행,단일로,기타단일로,이륜차,없음,946853,1756214,126.91179198,35.80093347
2022,2022-02-25 09:00,주,금,1,0,0,0,0,서울,동작구,차대사람,차도통행중,차도통행중,보행자 보호의무 위반,교차로,교차로횡단보도내,승합차,보행자,950096,1945302,126.93537162,37.50564225
2022,2022-02-25 09:00,주,금,1,1,0,1,0,경기,양평군,차대차,추돌,추돌,안전운전 의무 불이행,단일로,기타단일로,화물차,건설기계,997945,1944936,127.47674964,37.50369041
2022,2022-02-25 12:00,주,금,1,0,0,0,0,경남,창원시(통합),차대차,추돌,추돌,안전운전 의무 불이행,단일로,기타단일로,건설기계,자전거,1104682,1694679,128.65055178,35.2420631
2022,2022-02-25 13:00,주,금,1,0,0,0,0,충남,서산시,차대차,측면충돌,측면충돌,신호위반,교차로,교차로내,이륜차,승합차,908372,1865792,126.4730836,36.78583948
2022,2022-02-25 14:00,주,금,1,0,0,0,0,전남,고흥군,차량단독,기타,기타,안전운전 의무 불이행,교차로,교차로내,원동기장치자전거,없음,988523,1631522,127.37471586,34.6779499
2022,2022-02-25 16:00,주,금,1,0,0,0,0,전남,담양군,차대차,측면충돌,측면충돌,안전운전 의무 불이행,단일로,기타단일로,이륜차,승용차,953612,1701038,126.98975681,35.30379525
2022,2022-02-25 16:00,주,금,1,0,0,0,0,경기,파주시,차대사람,횡단중,횡단중,보행자 보호의무 위반,교차로,교차로내,화물차,보행자,942287,1971083,126.84498764,37.73754827
2022,2022-02-25 18:00,야,금,1,0,0,0,0,서울,중구,차대사람,기타,기타,안전운전 의무 불이행,단일로,기타단일로,승용차,보행자,953562,1950710,126.97424335,37.55456678
2022,2022-02-25 19:00,야,금,1,0,0,0,0,대구,동구,차량단독,공작물충돌,공작물충돌,안전운전 의무 불이행,단일로,기타단일로,자전거,없음,1105641,1769176,128.6708243,35.91353101
2022,2022-02-26 02:00,야,토,1,0,0,0,0,광주,서구,차대차,기타,기타,안전운전 의무 불이행,교차로,교차로부근,승용차,이륜차,943886,1684384,126.88391725,35.15313452
2022,2022-02-26 03:00,야,토,1,0,0,0,0,충남,천안시,차대사람,횡단중,횡단중,신호위반,교차로,교차로내,승용차,보행자,967230,1867767,127.13262344,36.80750909
2022,2022-02-26 10:00,주,토,1,0,0,0,0,경기,수원시,차대차,측면충돌,측면충돌,안전운전 의무 불이행,교차로,교차로횡단보도내,자전거,화물차,957182,1919276,127.017049,37.27141252
2022,2022-02-26 11:00,주,토,1,0,0,0,0,강원,정선군,차량단독,공작물충돌,공작물충돌,안전운전 의무 불이행,단일로,기타단일로,승용차,없음,1121528,1919331,128.87058572,37.26495904
2022,2022-02-26 19:00,야,토,1,0,0,0,0,충북,청주시,차대사람,횡단중,횡단중,신호위반,교차로,교차로횡단보도내,이륜차,보행자,998790,1846633,127.48646831,36.61755557
2022,2022-02-26 19:00,야,토,1,1,0,1,0,경남,의령군,차량단독,도로이탈,도로이탈 추락,안전운전 의무 불이행,단일로,기타단일로,사륜오토바이(ATV),없음,1069903,1706898,128.26937883,35.35526205
2022,2022-02-26 19:00,야,토,1,0,0,0,0,경남,김해시,차대차,추돌,추돌,안전운전 의무 불이행,단일로,기타단일로,화물차,원동기장치자전거,1117939,1700619,128.7970804,35.29413789
2022,2022-02-26 22:00,야,토,1,0,0,0,0,경남,창원시(통합),차대사람,횡단중,횡단중,안전운전 의무 불이행,교차로,교차로횡단보도내,승용차,보행자,1098946,1691938,128.5871885,35.21793457
2022,2022-02-27 11:00,주,일,1,0,0,0,0,경남,창원시(통합),차대차,측면충돌,측면충돌,교차로 통행방법 위반,교차로,교차로내,승용차,이륜차,1109314,1704557,128.70276844,35.33061888
2022,2022-02-27 13:00,주,일,1,0,0,0,0,부산,부산진구,차대사람,기타,기타,안전운전 의무 불이행,단일로,기타단일로,승용차,보행자,1139848,1686600,129.03557865,35.16494922
2022,2022-02-27 14:00,주,일,1,0,0,0,0,충북,음성군,차대차,측면충돌,측면충돌,교차로 통행방법 위반,교차로,교차로내,승용차,사륜오토바이(ATV),1024168,1879989,127.77133203,36.91794356
2022,2022-02-28 07:00,주,월,1,0,0,0,0,전남,순천시,차대사람,횡단중,횡단중,신호위반,단일로,기타단일로,화물차,보행자,999954,1660914,127.49949625,34.9430632
2022,2022-02-28 17:00,주,월,1,2,0,2,0,경남,거제시,차대차,정면충돌,정면충돌,중앙선 침범,단일로,기타단일로,승용차,승용차,1107809,1666472,128.68123763,34.98743575
2022,2022-02-28 19:00,야,월,1,0,0,0,0,전남,영암군,차대차,측면충돌,측면충돌,기타,교차로,교차로내,승용차,이륜차,903698,1644318,126.44737244,34.78885471
2022,2022-02-28 19:00,야,월,1,0,0,0,0,경남,창원시(통합),차대사람,길가장자리구역통행중,길가장자리구역통행중,안전운전 의무 불이행,단일로,기타단일로,승용차,보행자,1105522,1701425,128.66064976,35.3027914
2022,2022-02-28 23:00,야,월,1,0,0,0,0,부산,부산진구,차대차,기타,기타,신호위반,교차로,교차로내,승용차,이륜차,1140396,1685577,129.04141993,35.15565156
2022,2022-03-01 09:00,주,화,1,0,0,0,0,광주,남구,차대차,측면충돌,측면충돌,안전거리 미확보,단일로,기타단일로,자전거,승용차,947483,1682185,126.92354715,35.13350101
2022,2022-03-01 15:00,주,화,1,2,1,1,0,전북,순창군,차량단독,공작물충돌,공작물충돌,기타,단일로,기타단일로,승용차,없음,961202,1705653,127.07302176,35.34573076
2022,2022-03-02 05:00,야,수,1,0,0,0,0,대전,중구,차대사람,횡단중,횡단중,안전운전 의무 불이행,교차로,교차로내,건설기계,보행자,991129,1814962,127.40115697,36.33199421
2022,2022-03-02 13:00,주,수,1,1,0,1,0,대전,동구,차대차,측면충돌,측면충돌,신호위반,교차로,교차로내,이륜차,승용차,993903,1816678,127.43205215,36.34748624
2022,2022-03-02 14:00,주,수,1,4,1,3,0,부산,강서구,차대차,추돌,추돌,안전운전 의무 불이행,교차로,교차로부근,화물차,화물차,1132552,1685360,128.95529058,35.15476042
2022,2022-03-02 16:00,주,수,1,0,0,0,0,경기,화성시,차대사람,횡단중,횡단중,안전운전 의무 불이행,교차로,교차로내,승용차,보행자,939331,1912511,126.81626694,37.20944418
2022,2022-03-02 19:00,야,수,1,1,1,0,0,경북,영천시,차대차,추돌,추돌,안전운전 의무 불이행,단일로,기타단일로,특수차,화물차,1119771,1783738,128.82959226,36.04315733
2022,2022-03-02 23:00,야,수,1,0,0,0,0,경기,용인시,차대사람,보도통행중,보도통행중,기타,단일로,기타단일로,승용차,보행자,974151,1914942,127.20859253,37.23297223
2022,2022-03-02 23:00,야,수,1,0,0,0,0,제주,제주시,차대사람,차도통행중,차도통행중,기타,단일로,기타단일로,승용차,보행자,900286,1497296,126.42696672,33.46281109
2022,2022-03-02 23:00,야,수,1,0,0,0,0,대구,서구,차대차,추돌,추돌,기타,단일로,기타단일로,승용차,승합차,1092840,1763806,128.52834595,35.86642186
2022,2022-03-03 03:00,야,목,1,0,0,0,0,서울,은평구,차대차,정면충돌,정면충돌,신호위반,교차로,교차로내,승용차,이륜차,948543,1954669,126.91714432,37.58998291
2022,2022-03-03 09:00,주,목,1,0,0,0,0,경기,군포시,차대사람,횡단중,횡단중,안전운전 의무 불이행,단일로,기타단일로,특수차,보행자,950846,1928107,126.9450023,37.35069792
2022,2022-03-03 12:00,주,목,1,0,0,0,0,경기,의왕시,차대사람,횡단중,횡단중,안전운전 의무 불이행,교차로,교차로횡단보도내,승용차,보행자,953336,1931775,126.97288452,37.38388795
2022,2022-03-03 16:00,주,목,1,3,0,3,0,경기,화성시,차대차,추돌,추돌,안전운전 의무 불이행,단일로,기타단일로,화물차,승용차,942277,1893136,126.85095882,37.03499146
2022,2022-03-03 17:00,주,목,1,0,0,0,0,경남,김해시,차량단독,도로이탈,도로이탈 기타,안전운전 의무 불이행,단일로,기타단일로,화물차,없음,1135160,1695486,128.98557684,35.24569
2022,2022-03-03 21:00,야,목,1,0,0,0,0,전남,목포시,차대사람,횡단중,횡단중,안전운전 의무 불이행,기타,기타,승용차,보행자,899827,1650118,126.40437515,34.84077465
2022,2022-03-04 09:00,주,금,1,1,0,1,0,제주,제주시,차대차,측면충돌,측면충돌,기타,교차로,교차로내,이륜차,사륜오토바이(ATV),931444,1506846,126.76150036,33.5513902
2022,2022-03-04 15:00,주,금,1,1,0,0,1,경북,문경시,차량단독,기타,기타,안전운전 의무 불이행,단일로,터널안,화물차,없음,1048647,1861072,128.04493628,36.74647494
2022,2022-03-04 20:00,야,금,1,0,0,0,0,경북,포항시,차대차,기타,기타,기타,단일로,기타단일로,승용차,승용차,1167885,1790773,129.36499014,36.09943935
2022,2022-03-04 20:00,야,금,1,0,0,0,0,대전,대덕구,차대차,기타,기타,신호위반,교차로,교차로내,승용차,이륜차,993417,1820209,127.42660606,36.37931638
2022,2022-03-04 21:00,야,금,1,0,0,0,0,전북,장수군,차량단독,전도,전도,안전운전 의무 불이행,단일로,기타단일로,화물차,없음,999639,1736134,127.49601354,35.62132342
2022,2022-03-05 00:00,야,토,1,0,0,0,0,서울,중랑구,차대사람,횡단중,횡단중,안전운전 의무 불이행,단일로,기타단일로,승용차,보행자,964551,1955621,127.09841652,37.59931968
2022,2022-03-05 01:00,야,토,1,0,0,0,0,경기,남양주시,차량단독,공작물충돌,공작물충돌,안전운전 의무 불이행,단일로,기타단일로,이륜차,없음,987739,1962691,127.36098141,37.66364616
2022,2022-03-05 06:00,주,토,1,0,0,0,0,전북,전주시,차대차,기타,기타,안전운전 의무 불이행,단일로,기타단일로,자전거,승용차,967967,1759698,127.14532759,35.83326153
2022,2022-03-05 07:00,주,토,1,0,0,0,0,경북,상주시,차대사람,기타,기타,안전운전 의무 불이행,단일로,기타단일로,화물차,보행자,1061879,1842581,128.19165737,36.57902081
2022,2022-03-05 14:00,주,토,1,2,0,2,0,부산,강서구,차대차,기타,기타,신호위반,교차로,교차로내,이륜차,승용차,1128052,1677992,128.90475749,35.0889246
2022,2022-03-05 17:00,주,토,1,0,0,0,0,경기,파주시,차대차,측면충돌,측면충돌,안전운전 의무 불이행,단일로,지하차도(도로)내,승용차,개인형이동장치(PM),937478,1984536,126.78925092,37.85847775
2022,2022-03-05 22:00,야,토,1,0,0,0,0,경기,시흥시,차대사람,기타,기타,기타,교차로,교차로횡단보도내,승용차,보행자,932828,1928526,126.74153721,37.35334507
2022,2022-03-05 22:00,야,토,1,1,1,0,0,충북,청주시,차량단독,도로이탈,도로이탈 추락,안전운전 의무 불이행,단일로,기타단일로,승용차,없음,1006571,1849266,127.57350744,36.64127014
2022,2022-03-06 10:00,주,일,1,0,0,0,0,전남,영암군,차량단독,공작물충돌,공작물충돌,안전운전 의무 불이행,단일로,기타단일로,화물차,없음,923734,1634230,126.66726578,34.69958945
2022,2022-03-06 14:00,주,일,1,0,0,0,0,충남,논산시,차대차,측면충돌,측면충돌,기타,단일로,기타단일로,이륜차,승용차,972371,1801259,127.19263671,36.2081005
2022,2022-03-06 19:00,야,일,1,0,0,0,0,충북,음성군,차량단독,공작물충돌,공작물충돌,안전운전 의무 불이행,교차로,교차로부근,승용차,없음,1012215,1896654,127.63740725,37.06839948
2022,2022-03-06 19:00,야,일,1,0,0,0,0,경남,창원시(통합),차대차,정면충돌,정면충돌,안전운전 의무 불이행,교차로,교차로내,이륜차,이륜차,1098581,1692286,128.58322032,35.22110791
2022,2022-03-06 20:00,야,일,1,0,0,0,0,경남,산청군,차대사람,횡단중,횡단중,보행자 보호의무 위반,단일로,기타단일로,화물차,보행자,1027533,1694374,127.80262815,35.24440376
2022,2022-03-07 06:00,주,월,2,0,0,0,0,강원,강릉시,차량단독,공작물충돌,공작물충돌,기타,단일로,기타단일로,승용차,없음,1121643,1975523,128.88118545,37.77129186
2022,2022-03-07 07:00,주,월,2,1,1,0,0,경남,진주시,차량단독,공작물충돌,공작물충돌,안전운전 의무 불이행,단일로,기타단일로,승용차,없음,1054727,1693565,128.10146531,35.23599289
2022,2022-03-08 08:00,주,화,1,0,0,0,0,경남,하동군,차량단독,도로이탈,도로이탈 추락,안전운전 의무 불이행,단일로,기타단일로,화물차,없음,1032321,1669125,127.85426705,35.01658863
2022,2022-03-08 11:00,주,화,1,0,0,0,0,경기,가평군,차량단독,공작물충돌,공작물충돌,안전운전 의무 불이행,단일로,기타단일로,승용차,없음,988678,1966144,127.37157438,37.69478139
2022,2022-03-08 15:00,주,화,1,0,0,0,0,충남,홍성군,차대사람,횡단중,횡단중,안전운전 의무 불이행,단일로,기타단일로,화물차,보행자,908537,1840733,126.4779246,36.55998653
2022,2022-03-08 17:00,주,화,1,2,2,0,0,강원,평창군,차대차,정면충돌,정면충돌,교차로 통행방법 위반,교차로,교차로내,화물차,승용차,1093341,1960229,128.55792979,37.63679359
2022,2022-03-09 11:00,주,수,1,0,0,0,0,충남,천안시,차대차,기타,기타,안전운전 의무 불이행,기타,기타,화물차,이륜차,966298,1871310,127.12201816,36.83941474
2022,2022-03-09 19:00,야,수,1,0,0,0,0,서울,강남구,차대차,측면충돌,측면충돌,신호위반,교차로,교차로내,승합차,이륜차,957972,1945130,127.02448973,37.50448428
2022,2022-03-09 19:00,야,수,1,0,0,0,0,충남,아산시,차대사람,차도통행중,차도통행중,기타,교차로,교차로내,승용차,보행자,961308,1882125,127.06550249,36.93671374
2022,2022-03-09 21:00,야,수,1,0,0,0,0,전남,목포시,차대사람,차도통행중,차도통행중,안전운전 의무 불이행,단일로,기타단일로,승용차,보행자,899862,1645464,126.40531319,34.79881736
2022,2022-03-10 07:00,주,목,1,0,0,0,0,경기,부천시,차대사람,횡단중,횡단중,안전운전 의무 불이행,교차로,교차로내,화물차,보행자,938154,1942004,126.80054193,37.47519426
2022,2022-03-10 09:00,주,목,1,0,0,0,0,전남,강진군,차대차,측면충돌,측면충돌,안전운전 의무 불이행,교차로,교차로내,건설기계,이륜차,933559,1627499,126.77506392,34.63958047
2022,2022-03-10 11:00,주,목,1,0,0,0,0,경기,안산시,차대사람,횡단중,횡단중,안전운전 의무 불이행,단일로,기타단일로,승용차,보행자,941519,1924167,126.8400078,37.3146445
2022,2022-03-10 19:00,야,목,1,0,0,0,0,충남,당진시,차대사람,기타,기타,안전운전 의무 불이행,교차로,교차로내,화물차,보행자,937199,1874243,126.79543549,36.86436728
2022,2022-03-10 19:00,야,목,1,0,0,0,0,제주,제주시,차대차,정면충돌,정면충돌,신호위반,교차로,교차로내,승용차,이륜차,901937,1497068,126.44475557,33.46090744
2022,2022-03-10 19:00,야,목,1,0,0,0,0,대전,서구,차량단독,기타,기타,안전운전 의무 불이행,교차로,교차로내,개인형이동장치(PM),없음,988241,1817312,127.36894268,36.35314946
2022,2022-03-11 07:00,주,금,1,1,1,0,0,강원,평창군,차대차,정면충돌,정면충돌,중앙선 침범,단일로,지하차도(도로)내,승용차,승용차,1084140,1943193,128.45170423,37.48414861
2022,2022-03-11 11:00,주,금,1,0,0,0,0,경남,함양군,차대사람,횡단중,횡단중,안전운전 의무 불이행,단일로,기타단일로,화물차,보행자,1028597,1726968,127.81546532,35.53826496
2022,2022-03-11 13:00,주,금,1,0,0,0,0,경기,여주시,차대차,측면충돌,측면충돌,신호위반,교차로,교차로내,승용차,이륜차,1011997,1920482,127.63533754,37.28319115
2022,2022-03-12 15:00,주,토,1,0,0,0,0,경북,영천시,차량단독,공작물충돌,공작물충돌,안전운전 의무 불이행,단일로,기타단일로,화물차,없음,1118764,1784094,128.81846961,36.04648956
2022,2022-03-12 16:00,주,토,1,0,0,0,0,전북,무주군,차량단독,전도,전도,안전운전 의무 불이행,단일로,지하차도(도로)내,이륜차,없음,1025749,1779724,127.78574502,36.01400006
2022,2022-03-12 16:00,주,토,1,0,0,0,0,경북,영주시,차량단독,전도,전도,안전운전 의무 불이행,기타,기타,농기계,없음,1101752,1883808,128.64277721,36.94718123
2022,2022-03-12 18:00,야,토,1,0,0,0,0,경북,상주시,차량단독,도로이탈,도로이탈 추락,안전운전 의무 불이행,단일로,기타단일로,화물차,없음,1071414,1821136,128.2962463,36.38504226
2022,2022-03-12 18:00,야,토,1,0,0,0,0,광주,북구,차대차,기타,기타,안전운전 의무 불이행,단일로,기타단일로,이륜차,자전거,947534,1686314,126.92384454,35.17073386
2022,2022-03-12 20:00,야,토,1,0,0,0,0,서울,강동구,차대사람,기타,기타,안전운전 의무 불이행,단일로,기타단일로,화물차,보행자,968351,1949133,127.14174416,37.54097947
2022,2022-03-12 23:00,야,토,1,0,0,0,0,경기,김포시,차량단독,기타,기타,안전운전 의무 불이행,교차로,교차로내,이륜차,없음,934863,1954687,126.7621993,37.5892783
2022,2022-03-13 03:00,야,일,1,0,0,0,0,경남,거제시,차대사람,기타,기타,안전운전 의무 불이행,단일로,고가도로위,승용차,보행자,1108022,1658266,128.68250799,34.91343111
2022,2022-03-14 05:00,야,월,1,0,0,0,0,경북,영덕군,차대사람,차도통행중,차도통행중,안전거리 미확보,단일로,기타단일로,승용차,보행자,1168772,1815818,129.38023201,36.32496034
2022,2022-03-14 08:00,주,월,1,0,0,0,0,경남,거제시,차대차,정면충돌,정면충돌,안전운전 의무 불이행,교차로,교차로부근,승합차,승용차,1103209,1654727,128.62939289,34.88202529
2022,2022-03-14 14:00,주,월,1,0,0,0,0,울산,울주군,차대차,측면충돌,측면충돌,중앙선 침범,교차로,교차로내,이륜차,승용차,1163825,1716857,129.30479329,35.43401869
2022,2022-03-14 15:00,주,월,1,0,0,0,0,경남,함양군,차대차,측면충돌,측면충돌,교차로 통행방법 위반,교차로,교차로내,사륜오토바이(ATV),화물차,1014717,1711168,127.66206405,35.3961043
2022,2022-03-14 19:00,야,월,1,2,0,2,0,충남,서천군,차대차,정면충돌,정면충돌,중앙선 침범,단일로,기타단일로,승용차,승용차,927095,1790329,126.69000199,36.10721547
2022,2022-03-14 20:00,야,월,1,0,0,0,0,경기,남양주시,차량단독,도로이탈,도로이탈 추락,안전운전 의무 불이행,단일로,기타단일로,사륜오토바이(ATV),없음,986433,1962588,127.34617558,37.6626994
2022,2022-03-15 05:00,야,화,1,0,0,0,0,경남,남해군,차량단독,공작물충돌,공작물충돌,안전운전 의무 불이행,교차로,교차로내,이륜차,없음,1047266,1651325,128.01706434,34.85549436
2022,2022-03-15 06:00,주,화,1,0,0,0,0,대전,유성구,차대차,추돌,추돌,안전운전 의무 불이행,단일로,기타단일로,승합차,화물차,983066,1822351,127.31115633,36.39850052
2022,2022-03-15 07:00,주,화,1,0,0,0,0,경기,평택시,차대사람,기타,기타,안전운전 의무 불이행,교차로,교차로부근,승합차,보행자,968440,1888842,127.14530998,36.99752881
2022,2022-03-15 07:00,주,화,1,0,0,0,0,대구,달서구,차대차,측면충돌,측면충돌,신호위반,교차로,교차로내,원동기장치자전거,승용차,1091801,1759530,128.51634706,35.82797274
2022,2022-03-15 08:00,주,화,1,0,0,0,0,전남,광양시,차량단독,전도,전도,안전운전 의무 불이행,기타,기타,특수차,없음,1022754,1665126,127.74929586,34.98078899
2022,2022-03-15 14:00,주,화,1,0,0,0,0,강원,인제군,차량단독,공작물충돌,공작물충돌,기타,단일로,기타단일로,화물차,없음,1045604,1997109,128.01923007,37.97279771
2022,2022-03-15 14:00,주,화,1,0,0,0,0,경남,진주시,차대차,정면충돌,정면충돌,신호위반,교차로,교차로내,승용차,이륜차,1051171,1686816,128.06196618,35.17532707
2022,2022-03-15 15:00,주,화,1,1,1,0,0,경남,밀양시,차대차,측면충돌,측면충돌,안전운전 의무 불이행,단일로,기타단일로,이륜차,농기계,1132357,1733388,128.96093273,35.58770876
2022,2022-03-15 16:00,주,화,1,0,0,0,0,전북,익산시,차대사람,횡단중,횡단중,보행자 보호의무 위반,교차로,교차로횡단보도내,승용차,보행자,949737,1770892,126.94278381,35.93341808
2022,2022-03-15 17:00,주,화,1,0,0,0,0,경북,고령군,차량단독,공작물충돌,공작물충돌,안전운전 의무 불이행,단일로,기타단일로,원동기장치자전거,없음,1067145,1742768,128.24199573,35.6788523
2022,2022-03-15 17:00,주,화,1,0,0,0,0,인천,중구,차대차,추돌,추돌,안전운전 의무 불이행,단일로,기타단일로,화물차,자전거,923288,1940789,126.6325548,37.46312904
2022,2022-03-15 19:00,야,화,1,0,0,0,0,경기,화성시,차량단독,도로이탈,도로이탈 추락,안전운전 의무 불이행,기타,기타,승용차,없음,931175,1906701,126.72489226,37.15651058
2022,2022-03-15 20:00,야,화,1,0,0,0,0,전남,광양시,차대사람,길가장자리구역통행중,길가장자리구역통행중,안전운전 의무 불이행,단일로,기타단일로,승합차,보행자,1020620,1671895,127.72608354,35.04187322
2022,2022-03-16 07:00,주,수,1,0,0,0,0,충남,당진시,차량단독,전도,전도,안전운전 의무 불이행,단일로,기타단일로,승용차,없음,914124,1890012,126.53479511,37.00468088
2022,2022-03-16 08:00,주,수,1,0,0,0,0,대구,서구,차대차,기타,기타,안전운전 의무 불이행,교차로,교차로내,화물차,원동기장치자전거,1093662,1763517,128.53741558,35.86373835