발생년,발생년월일시,주야,요일,사망자수,부상자수,중상자수,경상자수,부상신고자수,발생지시도,발생지시군구,사고유형_대분류,사고유형_중분류,사고유형,가해자법규위반,도로형태_대분류,도로형태,가해자_당사자종별,피해자_당사자종별,발생위치X_UTMK,발생위치Y_UTMK,경도,위도
2022,2022-03-16 11:00,주,수,1,1,0,1,0,경기,광주시,차대차,기타,기타,안전운전 의무 불이행,기타,기타,승용차,이륜차,972719,1935576,127.19169019,37.41892221
2022,2022-03-16 11:00,주,수,1,0,0,0,0,광주,북구,차량단독,도로이탈,도로이탈 추락,안전운전 의무 불이행,단일로,기타단일로,이륜차,없음,948940,1687850,126.93918875,35.18465603
2022,2022-03-16 12:00,주,수,1,0,0,0,0,경기,시흥시,차대차,추돌,추돌,안전거리 미확보,단일로,기타단일로,이륜차,특수차,929853,1928249,126.70797453,37.35062832
2022,2022-03-16 14:00,주,수,1,1,0,1,0,강원,홍천군,차대차,정면충돌,정면충돌,중앙선 침범,기타,기타,화물차,이륜차,1089217,1985619,128.51431399,37.86601481
2022,2022-03-16 16:00,주,수,1,0,0,0,0,경북,구미시,차량단독,기타,기타,안전운전 의무 불이행,단일로,기타단일로,개인형이동장치(PM),없음,1076356,1794892,128.34877881,36.14808449
2022,2022-03-16 21:00,야,수,1,0,0,0,0,경남,함안군,차대사람,횡단중,횡단중,기타,단일로,기타단일로,승용차,보행자,1089943,1696989,128.48883271,35.26432094
2022,2022-03-17 02:00,야,목,1,0,0,0,0,대전,서구,차량단독,기타,기타,안전운전 의무 불이행,교차로,교차로부근,이륜차,없음,987360,1817331,127.35912341,36.35330958
2022,2022-03-17 03:00,야,목,1,0,0,0,0,충남,천안시,차대사람,기타,기타,안전운전 의무 불이행,단일로,기타단일로,승용차,보행자,967442,1881441,127.1344132,36.93077993
2022,2022-03-17 08:00,주,목,1,0,0,0,0,경북,영주시,차량단독,공작물충돌,공작물충돌,안전운전 의무 불이행,단일로,기타단일로,승용차,없음,1092183,1875915,128.53436337,36.8770264
2022,2022-03-17 09:00,주,목,1,0,0,0,0,충남,보령시,차대사람,횡단중,횡단중,안전운전 의무 불이행,교차로,교차로내,화물차,보행자,911975,1812625,126.51953022,36.30694523
2022,2022-03-17 20:00,야,목,1,1,1,0,0,경기,평택시,차대차,추돌,추돌,안전운전 의무 불이행,단일로,기타단일로,승용차,농기계,948266,1889367,126.91855511,37.00136716
2022,2022-03-17 20:00,야,목,1,0,0,0,0,인천,남동구,차대사람,횡단중,횡단중,신호위반,교차로,교차로횡단보도내,승합차,보행자,932648,1934577,126.73895397,37.40787
2022,2022-03-17 22:00,야,목,1,0,0,0,0,전남,무안군,차대사람,횡단중,횡단중,기타,단일로,기타단일로,승용차,보행자,905427,1646601,126.4660115,34.80960081
2022,2022-03-17 23:00,야,목,1,0,0,0,0,서울,성북구,차량단독,공작물충돌,공작물충돌,기타,단일로,터널안,이륜차,없음,957267,1953795,127.0160089,37.58255196
2022,2022-03-18 00:00,야,금,1,0,0,0,0,서울,영등포구,차량단독,전도,전도,기타,교차로,교차로부근,승용차,없음,947436,1944663,126.90532273,37.49973514
2022,2022-03-18 02:00,야,금,1,0,0,0,0,경남,창원시(통합),차대사람,횡단중,횡단중,안전운전 의무 불이행,교차로,교차로내,화물차,보행자,1106497,1695104,128.67055169,35.24570329
2022,2022-03-18 10:00,주,금,1,1,0,1,0,인천,연수구,차대차,추돌,추돌,안전운전 의무 불이행,단일로,기타단일로,화물차,화물차,927732,1930559,126.68380318,37.37128551
2022,2022-03-18 18:00,야,금,1,0,0,0,0,경북,포항시,차대사람,횡단중,횡단중,신호위반,교차로,교차로내,승용차,보행자,1167584,1785550,129.36053867,36.05242657
2022,2022-03-18 23:00,야,금,1,0,0,0,0,광주,동구,차대사람,횡단중,횡단중,안전운전 의무 불이행,단일로,기타단일로,승용차,보행자,946549,1684594,126.91313967,35.15517317
2022,2022-03-19 04:00,야,토,1,0,0,0,0,경기,안산시,차대차,추돌,추돌,기타,단일로,기타단일로,승용차,원동기장치자전거,941543,1925661,126.84016091,37.32811194
2022,2022-03-19 10:00,주,토,1,0,0,0,0,인천,부평구,차대사람,길가장자리구역통행중,길가장자리구역통행중,보행자 보호의무 위반,교차로,교차로내,화물차,보행자,931869,1945685,126.72912534,37.50792847
2022,2022-03-19 14:00,주,토,1,0,0,0,0,충남,청양군,차량단독,도로이탈,도로이탈 추락,안전운전 의무 불이행,교차로,교차로부근,화물차,없음,931279,1828997,126.7330809,36.45610162
2022,2022-03-19 17:00,주,토,1,0,0,0,0,충남,아산시,차량단독,공작물충돌,공작물충돌,안전운전 의무 불이행,단일로,기타단일로,화물차,없음,961575,1877193,127.06875111,36.89226612
2022,2022-03-19 20:00,야,토,1,0,0,0,0,서울,강남구,차대차,추돌,추돌,기타,단일로,기타단일로,승용차,이륜차,960701,1944850,127.05538008,37.50208078
2022,2022-03-20 12:00,주,일,1,0,0,0,0,경북,포항시,차량단독,전도,전도,안전운전 의무 불이행,교차로,교차로부근,이륜차,없음,1165934,1792045,129.34359504,36.1112368
2022,2022-03-20 13:00,주,일,1,0,0,0,0,경남,창원시(통합),차대사람,기타,기타,안전운전 의무 불이행,교차로,교차로내,승용차,보행자,1100086,1701730,128.60090587,35.30610008
2022,2022-03-20 15:00,주,일,1,0,0,0,0,경북,성주군,차량단독,도로이탈,도로이탈 기타,안전운전 의무 불이행,단일로,기타단일로,자전거,없음,1069359,1769013,128.26873593,35.91530922
2022,2022-03-20 16:00,주,일,1,0,0,0,0,인천,계양구,차대차,정면충돌,정면충돌,신호위반,교차로,교차로내,승용차,이륜차,930209,1953592,126.70959268,37.57906815
2022,2022-03-20 18:00,야,일,1,1,0,1,0,경기,파주시,차대차,측면충돌,측면충돌,중앙선 침범,단일로,기타단일로,이륜차,승용차,935840,1972985,126.77165474,37.75426088
2022,2022-03-20 19:00,야,일,1,1,0,1,0,전남,광양시,차대차,기타,기타,신호위반,교차로,교차로내,이륜차,승용차,1017263,1660523,127.68904073,34.93939027
2022,2022-03-21 10:00,주,월,1,0,0,0,0,경기,수원시,차대차,정면충돌,정면충돌,기타,교차로,교차로내,화물차,이륜차,956156,1917195,127.0055996,37.25260725
2022,2022-03-21 11:00,주,월,1,0,0,0,0,전북,부안군,차대사람,기타,기타,안전운전 의무 불이행,기타,기타,승용차,보행자,929559,1748482,126.72108332,35.73013721
2022,2022-03-21 14:00,주,월,1,0,0,0,0,충남,천안시,차량단독,전도,전도,안전운전 의무 불이행,단일로,기타단일로,이륜차,없음,968544,1865787,127.14743593,36.78970485
2022,2022-03-21 18:00,야,월,1,0,0,0,0,대구,달성군,차대차,측면충돌,측면충돌,안전운전 의무 불이행,단일로,기타단일로,특수차,이륜차,1083257,1764249,128.4222588,35.87127715
2022,2022-03-21 19:00,야,월,1,0,0,0,0,강원,원주시,차대사람,보도통행중,보도통행중,기타,단일로,기타단일로,승용차,보행자,1041205,1935865,127.96568081,37.42101201
2022,2022-03-22 04:00,야,화,1,1,0,0,1,경기,평택시,차량단독,공작물충돌,공작물충돌,기타,교차로,교차로내,승용차,없음,961749,1885827,127.0702672,36.97010249
2022,2022-03-22 12:00,주,화,1,0,0,0,0,인천,부평구,차대사람,기타,기타,기타,교차로,교차로부근,승용차,보행자,931160,1946639,126.72101461,37.51647407
2022,2022-03-22 16:00,주,화,1,0,0,0,0,광주,동구,차대차,기타,기타,안전운전 의무 불이행,교차로,교차로내,승용차,승용차,947216,1684282,126.92048255,35.15239519
2022,2022-03-22 20:00,야,화,1,0,0,0,0,강원,삼척시,차량단독,공작물충돌,공작물충돌,기타,단일로,기타단일로,승용차,없음,1147447,1939145,129.16673934,37.43974058
2022,2022-03-22 23:00,야,화,1,0,0,0,0,경기,성남시,차대사람,횡단중,횡단중,안전운전 의무 불이행,단일로,기타단일로,승용차,보행자,967143,1935612,127.12867384,37.41906556
2022,2022-03-23 00:00,야,수,1,0,0,0,0,전남,순천시,차대사람,횡단중,횡단중,안전운전 의무 불이행,단일로,기타단일로,승용차,보행자,1001217,1665553,127.51333429,34.98489463
2022,2022-03-23 03:00,야,수,1,1,1,0,0,경남,사천시,차대차,측면충돌,측면충돌,신호위반,교차로,교차로내,원동기장치자전거,화물차,1054189,1660689,128.09340178,34.93958502
2022,2022-03-23 07:00,주,수,1,0,0,0,0,경남,김해시,차대사람,길가장자리구역통행중,길가장자리구역통행중,안전운전 의무 불이행,단일로,기타단일로,승용차,보행자,1120259,1709525,128.82389833,35.37414502
2022,2022-03-23 11:00,주,수,1,1,1,0,0,경남,함안군,차대사람,횡단중,횡단중,안전운전 의무 불이행,교차로,교차로부근,승용차,보행자,1092630,1701968,128.51893179,35.30896453
2022,2022-03-23 17:00,주,수,1,0,0,0,0,서울,영등포구,차대차,측면충돌,측면충돌,기타,단일로,기타단일로,승용차,자전거,948518,1946420,126.91744019,37.5156323
2022,2022-03-23 17:00,주,수,1,0,0,0,0,전남,순천시,차대차,추돌,추돌,안전운전 의무 불이행,교차로,교차로부근,원동기장치자전거,건설기계,1001715,1665809,127.51879125,34.98720238
2022,2022-03-23 19:00,야,수,1,1,1,0,0,전남,고흥군,차량단독,공작물충돌,공작물충돌,안전운전 의무 불이행,단일로,기타단일로,화물차,없음,983048,1609517,127.31538966,34.47943229
2022,2022-03-23 20:00,야,수,1,0,0,0,0,경기,용인시,차대차,추돌,추돌,안전운전 의무 불이행,단일로,기타단일로,화물차,화물차,979893,1914480,127.27333664,37.22894935
2022,2022-03-24 02:00,야,목,1,0,0,0,0,서울,은평구,차량단독,전복,전복,안전운전 의무 불이행,단일로,지하차도(도로)내,이륜차,없음,947857,1954002,126.90942185,37.58393258
2022,2022-03-24 05:00,야,목,1,0,0,0,0,대전,유성구,차대차,기타,기타,안전운전 의무 불이행,교차로,교차로횡단보도내,화물차,자전거,986352,1815003,127.34792979,36.33230797
2022,2022-03-24 13:00,주,목,1,0,0,0,0,전북,전주시,차대사람,횡단중,횡단중,안전운전 의무 불이행,교차로,교차로부근,승합차,보행자,968119,1757492,127.14709857,35.8133771
2022,2022-03-24 13:00,주,목,1,0,0,0,0,경남,거제시,차대차,기타,기타,안전거리 미확보,단일로,기타단일로,승용차,이륜차,1092580,1656942,128.5133444,34.90302095
2022,2022-03-24 19:00,야,목,1,0,0,0,0,경북,영천시,차대차,정면충돌,정면충돌,신호위반,교차로,교차로내,이륜차,승용차,1130562,1776335,128.94813038,35.9750457
2022,2022-03-24 23:00,야,목,1,0,0,0,0,서울,도봉구,차대사람,기타,기타,신호위반,교차로,교차로횡단보도내,승용차,보행자,960615,1961553,127.05350908,37.65262584
2022,2022-03-25 10:00,주,금,1,1,0,1,0,경기,김포시,차대차,기타,기타,안전운전 의무 불이행,단일로,지하차도(도로)내,승합차,화물차,927287,1961402,126.67572646,37.64923002
2022,2022-03-25 13:00,주,금,1,0,0,0,0,강원,양구군,차대사람,기타,기타,안전운전 의무 불이행,교차로,교차로부근,승용차,보행자,1043248,2011108,127.99325192,38.09907919
2022,2022-03-25 16:00,주,금,1,0,0,0,0,전남,순천시,차량단독,공작물충돌,공작물충돌,안전운전 의무 불이행,단일로,기타단일로,화물차,없음,1002748,1659886,127.5300903,34.93378945
2022,2022-03-25 18:00,야,금,1,4,2,2,0,경기,평택시,차대차,추돌,추돌,안전운전 의무 불이행,단일로,기타단일로,화물차,화물차,945429,1894659,126.88628772,37.04890811
2022,2022-03-25 19:00,야,금,1,0,0,0,0,충북,청주시,차대차,측면충돌,측면충돌,안전운전 의무 불이행,단일로,지하차도(도로)내,승용차,이륜차,999722,1845694,127.49689141,36.6090912
2022,2022-03-25 20:00,야,금,1,0,0,0,0,경북,영주시,차량단독,도로이탈,도로이탈 추락,안전운전 의무 불이행,기타,기타,화물차,없음,1106826,1871339,128.69799466,36.83424092
2022,2022-03-25 22:00,야,금,1,0,0,0,0,전북,전주시,차대사람,기타,기타,안전운전 의무 불이행,단일로,기타단일로,승용차,보행자,962389,1764420,127.08334611,35.8756366
2022,2022-03-26 00:00,야,토,1,1,1,0,0,충북,괴산군,차량단독,공작물충돌,공작물충돌,기타,단일로,기타단일로,승용차,없음,1041082,1869628,127.96065845,36.82396057
2022,2022-03-26 01:00,야,토,1,1,0,1,0,경기,시흥시,차대차,측면충돌,측면충돌,안전운전 의무 불이행,교차로,교차로내,승용차,이륜차,934544,1935204,126.76032066,37.41365714
2022,2022-03-26 04:00,야,토,1,0,0,0,0,충북,청주시,차대사람,차도통행중,차도통행중,안전운전 의무 불이행,단일로,기타단일로,승용차,보행자,1003734,1859634,127.54182152,36.73475199
2022,2022-03-26 06:00,주,토,1,1,1,0,0,서울,강남구,차대차,측면충돌,측면충돌,신호위반,교차로,교차로내,승합차,승용차,961759,1944734,127.06735577,37.50107967
2022,2022-03-26 12:00,주,토,1,2,0,2,0,경남,거창군,차대차,추돌,추돌,안전운전 의무 불이행,단일로,기타단일로,화물차,화물차,1040868,1745090,127.95174657,35.70122713
2022,2022-03-26 16:00,주,토,1,0,0,0,0,울산,울주군,차량단독,기타,기타,안전운전 의무 불이행,단일로,기타단일로,자전거,없음,1146958,1733334,129.12203123,35.58516113
2022,2022-03-26 18:00,야,토,1,4,3,1,0,울산,북구,차대차,측면충돌,측면충돌,신호위반,교차로,교차로내,승용차,승용차,1171266,1728259,129.38913271,35.53551847
2022,2022-03-26 23:00,야,토,1,0,0,0,0,경남,창원시(통합),차대차,기타,기타,안전운전 의무 불이행,단일로,기타단일로,승용차,화물차,1091554,1694484,128.50626246,35.24159066
2022,2022-03-26 23:00,야,토,1,0,0,0,0,경기,파주시,차대차,기타,기타,신호위반,단일로,기타단일로,승용차,승용차,937497,1983205,126.78958202,37.8464835
2022,2022-03-27 17:00,주,일,1,2,1,1,0,경북,의성군,차대차,정면충돌,정면충돌,중앙선 침범,단일로,기타단일로,화물차,승합차,1106996,1806230,128.69086549,36.24738389
2022,2022-03-27 17:00,주,일,1,1,0,1,0,경북,영주시,차대차,추돌,추돌,안전운전 의무 불이행,단일로,교량위,이륜차,승용차,1105573,1863547,128.68286512,36.76415388
2022,2022-03-27 21:00,야,일,1,0,0,0,0,전남,목포시,차대사람,횡단중,횡단중,기타,단일로,기타단일로,승용차,보행자,900472,1646293,126.41188228,34.8063515
2022,2022-03-27 21:00,야,일,1,0,0,0,0,대구,남구,차량단독,공작물충돌,공작물충돌,안전운전 의무 불이행,단일로,기타단일로,화물차,없음,1099055,1762733,128.59704237,35.85614037
2022,2022-03-28 04:00,야,월,1,0,0,0,0,경기,시흥시,차량단독,공작물충돌,공작물충돌,안전운전 의무 불이행,단일로,기타단일로,승용차,없음,935969,1928290,126.77702111,37.35144004
2022,2022-03-28 07:00,주,월,1,0,0,0,0,전남,광양시,차량단독,전도,전도,안전운전 의무 불이행,단일로,기타단일로,이륜차,없음,1021034,1662455,127.73038401,34.95674071
2022,2022-03-28 11:00,주,월,1,0,0,0,0,전북,순창군,차량단독,도로이탈,도로이탈 기타,안전운전 의무 불이행,단일로,기타단일로,건설기계,없음,971524,1710557,127.18644428,35.39029681
2022,2022-03-28 20:00,야,월,1,1,0,1,0,전북,무주군,차대차,추돌,추돌,안전운전 의무 불이행,단일로,기타단일로,화물차,화물차,1012928,1775951,127.64340522,35.98023757
2022,2022-03-28 22:00,야,월,1,0,0,0,0,광주,남구,차대사람,기타,기타,기타,교차로,교차로부근,승용차,보행자,945710,1683866,126.90397626,35.14856402
2022,2022-03-29 01:00,야,화,1,1,0,1,0,충남,당진시,차량단독,공작물충돌,공작물충돌,안전운전 의무 불이행,단일로,기타단일로,이륜차,없음,929658,1877828,126.71050731,36.89615
2022,2022-03-29 05:00,야,화,1,1,1,0,0,경기,광주시,차대차,추돌,추돌,안전운전 의무 불이행,단일로,기타단일로,화물차,화물차,976419,1930111,127.23367876,37.36976382
2022,2022-03-29 10:00,주,화,1,1,0,1,0,경기,화성시,차대차,추돌,추돌,안전운전 의무 불이행,단일로,기타단일로,화물차,건설기계,929054,1910563,126.70064098,37.19116127
2022,2022-03-29 12:00,주,화,1,1,0,1,0,경기,안양시,차대차,기타,기타,안전운전 의무 불이행,단일로,기타단일로,승합차,승용차,946303,1935982,126.89313799,37.42142616
2022,2022-03-29 14:00,주,화,1,0,0,0,0,경북,울진군,차량단독,공작물충돌,공작물충돌,안전운전 의무 불이행,교차로,교차로내,화물차,없음,1170729,1897805,129.42031339,37.06330735
2022,2022-03-29 20:00,야,화,1,0,0,0,0,전남,신안군,차량단독,공작물충돌,공작물충돌,안전운전 의무 불이행,단일로,기타단일로,이륜차,없음,893410,1651657,126.33400709,34.8539976
2022,2022-03-29 23:00,야,화,1,0,0,0,0,울산,중구,차대사람,횡단중,횡단중,보행자 보호의무 위반,교차로,교차로횡단보도내,승용차,보행자,1166630,1731033,129.33859042,35.56130775
2022,2022-03-30 07:00,주,수,1,0,0,0,0,전북,임실군,차량단독,공작물충돌,공작물충돌,안전운전 의무 불이행,단일로,교량위,화물차,없음,981497,1736212,127.29567337,35.62185352
2022,2022-03-30 11:00,주,수,1,0,0,0,0,경북,경주시,차대차,추돌,추돌,안전운전 의무 불이행,단일로,기타단일로,원동기장치자전거,화물차,1175656,1742720,129.44067639,35.66506373
2022,2022-03-30 12:00,주,수,1,0,0,0,0,서울,서초구,차대차,측면충돌,측면충돌,안전운전 의무 불이행,교차로,교차로내,자전거,화물차,956602,1945447,127.00897118,37.50727809
2022,2022-03-30 12:00,주,수,1,0,0,0,0,충남,보령시,차대차,정면충돌,정면충돌,안전운전 의무 불이행,단일로,기타단일로,승용차,이륜차,915418,1818633,126.55722302,36.361411
2022,2022-03-30 14:00,주,수,1,1,1,0,0,부산,서구,차대사람,기타,기타,기타,단일로,지하차도(도로)내,승용차,보행자,1138674,1677124,129.02110267,35.0796946
2022,2022-03-30 22:00,야,수,1,2,0,2,0,충남,당진시,차대차,정면충돌,정면충돌,중앙선 침범,단일로,기타단일로,승용차,승합차,927949,1878156,126.69129664,36.8989775
2022,2022-03-31 02:00,야,목,1,2,1,1,0,경남,진주시,차대차,기타,기타,안전운전 의무 불이행,단일로,기타단일로,화물차,승용차,1060912,1686636,128.16892377,35.17316057
2022,2022-03-31 07:00,주,목,1,10,7,3,0,경기,파주시,차대차,측면충돌,측면충돌,신호위반,단일로,기타단일로,건설기계,승합차,928334,1972940,126.68645843,37.75329798
2022,2022-03-31 15:00,주,목,1,1,0,1,0,경기,평택시,차대차,기타,기타,중앙선 침범,교차로,교차로부근,승용차,이륜차,949491,1888070,126.93240932,36.98974266
2022,2022-03-31 19:00,야,목,1,0,0,0,0,전남,순천시,차대사람,기타,기타,안전운전 의무 불이행,교차로,교차로부근,승용차,보행자,978862,1674283,127.26817616,35.06339579
2022,2022-03-31 20:00,야,목,1,0,0,0,0,경기,평택시,차대사람,횡단중,횡단중,안전운전 의무 불이행,단일로,기타단일로,승용차,보행자,957479,1891097,127.0219999,37.01742362
2022,2022-03-31 21:00,야,목,1,0,0,0,0,경남,통영시,차대사람,횡단중,횡단중,기타,단일로,기타단일로,승용차,보행자,1087140,1655156,128.45362171,34.8873996
2022,2022-03-31 23:00,야,목,1,0,0,0,0,인천,강화군,차량단독,공작물충돌,공작물충돌,기타,단일로,지하차도(도로)내,승용차,없음,908959,1973985,126.46641471,37.76099206
2022,2022-04-01 03:00,야,금,2,0,0,0,0,서울,성동구,차대차,기타,기타,안전거리 미확보,단일로,기타단일로,승용차,화물차,959683,1948856,127.04364313,37.53814435
2022,2022-04-01 14:00,주,금,2,1,1,0,0,강원,원주시,차대차,기타,기타,중앙선 침범,단일로,기타단일로,승용차,승용차,1058284,1916694,128.15718314,37.24729969
2022,2022-04-01 19:00,야,금,1,0,0,0,0,서울,광진구,차대사람,횡단중,횡단중,기타,단일로,기타단일로,승용차,보행자,961330,1948262,127.06231667,37.53286099
2022,2022-04-01 20:00,야,금,1,0,0,0,0,경기,오산시,차대차,기타,기타,안전운전 의무 불이행,단일로,기타단일로,이륜차,승용차,962124,1904461,127.07354115,37.13808636
2022,2022-04-01 20:00,야,금,1,0,0,0,0,전북,군산시,차대차,측면충돌,측면충돌,신호위반,교차로,교차로내,자전거,승용차,928386,1775493,126.7056886,35.97356485
2022,2022-04-01 22:00,야,금,1,2,2,0,0,강원,평창군,차대사람,기타,기타,안전운전 의무 불이행,단일로,지하차도(도로)내,화물차,보행자,1104496,1964967,128.68501594,37.67828874
2022,2022-04-02 05:00,야,토,1,0,0,0,0,서울,용산구,차대차,기타,기타,안전운전 의무 불이행,단일로,기타단일로,승용차,승용차,956785,1947970,127.01089326,37.53002726
2022,2022-04-02 10:00,주,토,1,0,0,0,0,충남,당진시,차량단독,기타,기타,안전운전 의무 불이행,단일로,기타단일로,농기계,없음,933164,1864532,126.75102373,36.77655606
2022,2022-04-02 11:00,주,토,1,1,0,1,0,충남,보령시,차대차,정면충돌,정면충돌,신호위반,교차로,교차로내,승용차,이륜차,918794,1828915,126.59377277,36.45438597
2022,2022-04-02 11:00,주,토,1,0,0,0,0,전남,순천시,차대차,기타,기타,안전운전 의무 불이행,교차로,교차로내,승용차,이륜차,1002645,1660934,127.52896579,34.9432401
2022,2022-04-02 12:00,주,토,2,0,0,0,0,전남,광양시,차량단독,도로이탈,도로이탈 추락,안전운전 의무 불이행,기타,기타,화물차,없음,1010886,1669077,127.61932056,35.01661417
2022,2022-04-02 12:00,주,토,1,0,0,0,0,경기,고양시,차대차,측면충돌,측면충돌,기타,단일로,기타단일로,승용차,자전거,940261,1957489,126.82310907,37.61489873
2022,2022-04-02 23:00,야,토,1,0,0,0,0,경기,고양시,차대사람,횡단중,횡단중,안전운전 의무 불이행,단일로,교량위,승용차,보행자,942041,1961786,126.84293573,37.65374098
2022,2022-04-03 09:00,주,일,1,1,0,1,0,울산,북구,차대차,추돌,추돌,기타,단일로,기타단일로,이륜차,승용차,1168921,1729485,129.36353438,35.54696935
2022,2022-04-03 10:00,주,일,1,0,0,0,0,경기,의정부시,차대차,측면충돌,측면충돌,중앙선 침범,단일로,기타단일로,자전거,승용차,958936,1972441,127.03386142,37.75068645
2022,2022-04-03 19:00,야,일,1,0,0,0,0,전남,나주시,차대사람,차도통행중,차도통행중,안전운전 의무 불이행,단일로,기타단일로,승용차,보행자,921246,1669976,126.6367413,35.02170912
2022,2022-04-03 23:00,야,일,1,2,1,1,0,충북,청주시,차대차,측면충돌,측면충돌,신호위반,교차로,교차로내,승용차,이륜차,995246,1846594,127.44683523,36.61719289
2022,2022-04-04 05:00,야,월,1,0,0,0,0,경기,화성시,차대차,추돌,추돌,안전운전 의무 불이행,교차로,교차로부근,승용차,승용차,938005,1899200,126.802427,37.08937787
2022,2022-04-04 05:00,야,월,1,0,0,0,0,전남,영암군,차대사람,차도통행중,차도통행중,안전운전 의무 불이행,단일로,기타단일로,승용차,보행자,922384,1634540,126.6524983,34.70228308
2022,2022-04-04 06:00,주,월,1,0,0,0,0,전남,목포시,차대차,측면충돌,측면충돌,기타,교차로,교차로부근,승용차,이륜차,899221,1646969,126.39812647,34.8123233
2022,2022-04-04 09:00,주,월,1,2,1,1,0,충북,단양군,차대차,정면충돌,정면충돌,중앙선 침범,단일로,기타단일로,승용차,건설기계,1079812,1893326,128.39740759,37.03508559
2022,2022-04-04 11:00,주,월,1,0,0,0,0,경기,군포시,차대사람,기타,기타,보행자 보호의무 위반,교차로,교차로횡단보도내,승용차,보행자,949119,1928220,126.92549586,37.35162335
2022,2022-04-04 14:00,주,월,1,0,0,0,0,충북,옥천군,차량단독,공작물충돌,공작물충돌,안전운전 의무 불이행,단일로,교량위,승용차,없음,1015032,1809046,127.6673763,36.27858235
2022,2022-04-04 15:00,주,월,1,0,0,0,0,전남,여수시,차대차,추돌,추돌,안전운전 의무 불이행,단일로,기타단일로,자전거,승용차,1026644,1625969,127.79067251,34.62759123
2022,2022-04-04 21:00,야,월,1,0,0,0,0,전북,군산시,차대사람,횡단중,횡단중,안전운전 의무 불이행,단일로,기타단일로,승용차,보행자,927011,1773894,126.6905862,35.95904779
2022,2022-04-04 22:00,야,월,1,0,0,0,0,경북,군위군,차량단독,공작물충돌,공작물충돌,안전운전 의무 불이행,단일로,기타단일로,화물차,없음,1095957,1803568,128.56769541,36.22454851
2022,2022-04-05 05:00,야,화,1,0,0,0,0,전남,여수시,차대사람,차도통행중,차도통행중,안전운전 의무 불이행,단일로,기타단일로,승용차,보행자,1016644,1638161,127.6818184,34.73774826
2022,2022-04-05 06:00,주,화,1,0,0,0,0,서울,동대문구,차량단독,전도,전도,안전운전 의무 불이행,단일로,기타단일로,이륜차,없음,961887,1953275,127.06836032,37.57806799
2022,2022-04-05 06:00,주,화,1,1,1,0,0,경북,포항시,차량단독,기타,기타,안전운전 의무 불이행,단일로,지하차도(도로)내,이륜차,없음,1171921,1777408,129.40689615,35.97830295
2022,2022-04-05 07:00,주,화,1,0,0,0,0,경남,함안군,차대차,측면충돌,측면충돌,안전운전 의무 불이행,교차로,교차로내,승용차,자전거,1091706,1710545,128.50973108,35.38637585
2022,2022-04-05 08:00,주,화,1,0,0,0,0,전남,여수시,차대차,기타,기타,안전거리 미확보,단일로,기타단일로,자전거,화물차,1010594,1648311,127.61585649,34.82935909
2022,2022-04-05 09:00,주,화,1,0,0,0,0,전남,장성군,차대차,기타,기타,안전운전 의무 불이행,단일로,기타단일로,화물차,이륜차,922767,1694143,126.65115369,35.23972245
2022,2022-04-05 10:00,주,화,1,0,0,0,0,경북,경주시,차대차,측면충돌,측면충돌,안전운전 의무 불이행,교차로,교차로내,이륜차,승용차,1145567,1762495,129.1119695,35.8481891
2022,2022-04-05 12:00,주,화,1,0,0,0,0,대전,중구,차대사람,횡단중,횡단중,보행자 보호의무 위반,교차로,교차로횡단보도내,건설기계,보행자,989845,1813178,127.38687357,36.31589798
2022,2022-04-05 13:00,주,화,1,0,0,0,0,전남,보성군,차량단독,전도,전도,안전운전 의무 불이행,교차로,교차로내,기타,없음,981206,1647465,127.29448726,34.82161172
2022,2022-04-05 16:00,주,화,1,0,0,0,0,전남,곡성군,차대차,추돌,추돌,안전운전 의무 불이행,단일로,기타단일로,이륜차,건설기계,979153,1681487,127.27118618,35.12836195
2022,2022-04-06 05:00,야,수,1,0,0,0,0,서울,강북구,차대사람,길가장자리구역통행중,길가장자리구역통행중,기타,단일로,기타단일로,화물차,보행자,958448,1960272,127.02901638,37.64098448
2022,2022-04-06 07:00,주,수,1,2,0,2,0,부산,남구,차대차,기타,기타,중앙선 침범,단일로,교량위,승용차,건설기계,1146227,1682747,129.10491616,35.12931155
2022,2022-04-06 08:00,주,수,1,0,0,0,0,대구,북구,차대차,측면충돌,측면충돌,안전운전 의무 불이행,단일로,교량위,자전거,자전거,1097312,1768247,128.57841525,35.90602114
2022,2022-04-06 11:00,주,수,1,0,0,0,0,경기,의왕시,차대사람,횡단중,횡단중,기타,교차로,교차로횡단보도내,승용차,보행자,954368,1931105,126.98458286,37.3779003
2022,2022-04-06 14:00,주,수,1,0,0,0,0,경북,예천군,차량단독,전복,전복,안전운전 의무 불이행,단일로,기타단일로,승용차,없음,1080983,1857971,128.4067975,36.71631362
2022,2022-04-06 16:00,주,수,1,0,0,0,0,경남,함양군,차량단독,공작물충돌,공작물충돌,안전운전 의무 불이행,교차로,교차로부근,원동기장치자전거,없음,1022072,1723995,127.74340506,35.51162549