발생년,발생년월일시,주야,요일,사망자수,부상자수,중상자수,경상자수,부상신고자수,발생지시도,발생지시군구,사고유형_대분류,사고유형_중분류,사고유형,가해자법규위반,도로형태_대분류,도로형태,가해자_당사자종별,피해자_당사자종별,발생위치X_UTMK,발생위치Y_UTMK,경도,위도
2022,2022-06-22 15:00,주,수,1,2,1,1,0,충남,예산군,차량단독,전도,전도,안전운전 의무 불이행,단일로,기타단일로,농기계,없음,940332,1840121,126.83324534,36.55698603
2022,2022-06-22 17:00,주,수,1,0,0,0,0,전남,고흥군,차대차,측면충돌,측면충돌,안전운전 의무 불이행,교차로,교차로내,농기계,이륜차,966160,1608040,127.13153736,34.46569648
2022,2022-06-23 00:00,야,목,1,2,2,0,0,경기,고양시,차대차,정면충돌,정면충돌,신호위반,교차로,교차로내,이륜차,승합차,935405,1962319,126.7676635,37.65810175
2022,2022-06-23 04:00,야,목,1,0,0,0,0,경남,창원시(통합),차대사람,횡단중,횡단중,안전운전 의무 불이행,교차로,교차로부근,승용차,보행자,1095646,1684859,128.55011318,35.154433
2022,2022-06-23 09:00,주,목,1,0,0,0,0,충북,괴산군,차량단독,전도,전도,안전운전 의무 불이행,단일로,기타단일로,농기계,없음,1039314,1868501,127.94077589,36.81387645
2022,2022-06-23 12:00,주,목,1,0,0,0,0,서울,용산구,차대사람,횡단중,횡단중,중앙선 침범,단일로,기타단일로,화물차,보행자,953887,1946688,126.97817543,37.51833188
2022,2022-06-23 14:00,주,목,1,3,1,2,0,부산,사하구,차대사람,기타,기타,신호위반,교차로,교차로내,승용차,보행자,1136303,1678394,128.99531228,35.09146607
2022,2022-06-23 14:00,주,목,1,2,1,1,0,인천,서구,차대차,정면충돌,정면충돌,중앙선 침범,기타,기타,화물차,승용차,928303,1952678,126.68809797,37.57068409
2022,2022-06-23 17:00,주,목,2,0,0,0,0,강원,양양군,차대차,측면충돌,측면충돌,신호위반,교차로,교차로부근,승합차,화물차,1099121,2011789,128.63050685,38.10081344
2022,2022-06-23 19:00,야,목,1,0,0,0,0,경기,포천시,차량단독,공작물충돌,공작물충돌,안전운전 의무 불이행,단일로,기타단일로,승용차,없음,967265,1977710,127.12816836,37.79851225
2022,2022-06-23 23:00,야,목,1,0,0,0,0,서울,영등포구,차대사람,횡단중,횡단중,기타,단일로,기타단일로,승용차,보행자,947668,1946840,126.90779231,37.51937
2022,2022-06-24 00:00,야,금,1,1,0,1,0,경기,안양시,차대사람,보도통행중,보도통행중,기타,기타,기타,승용차,보행자,950575,1931854,126.94169236,37.38445689
2022,2022-06-24 06:00,주,금,1,0,0,0,0,경북,예천군,차량단독,공작물충돌,공작물충돌,안전운전 의무 불이행,단일로,기타단일로,화물차,없음,1080534,1866107,128.4026292,36.78968715
2022,2022-06-24 07:00,주,금,1,1,1,0,0,전남,광양시,차대차,기타,기타,중앙선 침범,기타,기타,승용차,승용차,1014539,1657909,127.65916579,34.91586124
2022,2022-06-24 10:00,주,금,1,0,0,0,0,서울,은평구,차대사람,차도통행중,차도통행중,안전운전 의무 불이행,단일로,기타단일로,화물차,보행자,947938,1954628,126.91029471,37.58957934
2022,2022-06-24 10:00,주,금,1,1,0,1,0,서울,송파구,차대사람,차도통행중,차도통행중,안전운전 의무 불이행,단일로,기타단일로,개인형이동장치(PM),보행자,964955,1944580,127.10352062,37.49981849
2022,2022-06-24 12:00,주,금,1,0,0,0,0,경남,창원시(통합),차대차,기타,기타,안전운전 의무 불이행,교차로,교차로내,화물차,이륜차,1102474,1696920,128.62656756,35.26249468
2022,2022-06-24 13:00,주,금,1,0,0,0,0,인천,서구,차대사람,횡단중,횡단중,안전운전 의무 불이행,교차로,교차로내,승용차,보행자,925852,1956235,126.65998516,37.60254764
2022,2022-06-24 15:00,주,금,1,0,0,0,0,강원,동해시,차대차,측면충돌,측면충돌,신호위반,교차로,교차로부근,건설기계,승용차,1143502,1947574,129.12380459,37.51630686
2022,2022-06-24 18:00,야,금,1,0,0,0,0,전북,정읍시,차대사람,횡단중,횡단중,보행자 보호의무 위반,교차로,교차로횡단보도내,이륜차,보행자,941347,1730709,126.8527175,35.57067095
2022,2022-06-25 01:00,야,토,1,2,0,1,1,부산,부산진구,차대차,기타,기타,신호위반,교차로,교차로내,이륜차,승용차,1142736,1687734,129.06747562,35.17476481
2022,2022-06-25 04:00,야,토,1,1,0,1,0,충남,보령시,차량단독,공작물충돌,공작물충돌,안전운전 의무 불이행,교차로,교차로내,화물차,없음,921374,1820339,126.62343064,36.37729481
2022,2022-06-25 08:00,주,토,1,0,0,0,0,부산,동래구,차량단독,공작물충돌,공작물충돌,안전운전 의무 불이행,단일로,기타단일로,이륜차,없음,1142880,1691090,129.06963824,35.20499454
2022,2022-06-25 08:00,주,토,1,2,0,2,0,경기,고양시,차대차,추돌,추돌,안전운전 의무 불이행,단일로,기타단일로,승용차,승합차,944694,1964074,126.87283685,37.67452613
2022,2022-06-25 11:00,주,토,1,2,0,2,0,충남,홍성군,차대차,추돌,추돌,안전운전 의무 불이행,단일로,기타단일로,승용차,승용차,925366,1848603,126.66520034,36.63239113
2022,2022-06-25 12:00,주,토,1,0,0,0,0,경기,성남시,차대사람,기타,기타,보행자 보호의무 위반,교차로,교차로횡단보도내,이륜차,보행자,969765,1937513,127.15822741,37.43628981
2022,2022-06-25 14:00,주,토,1,0,0,0,0,강원,춘천시,차대차,측면충돌,측면충돌,기타,교차로,교차로내,승용차,이륜차,1022080,1988572,127.75113633,37.89673178
2022,2022-06-25 17:00,주,토,1,0,0,0,0,경남,양산시,차대차,정면충돌,정면충돌,신호위반,교차로,교차로내,승용차,이륜차,1151025,1712772,129.16307926,35.39922574
2022,2022-06-25 22:00,야,토,1,1,0,1,0,대전,유성구,차대차,정면충돌,정면충돌,중앙선 침범,기타,기타,이륜차,승용차,983660,1820089,127.31782802,36.37811818
2022,2022-06-26 00:00,야,일,1,0,0,0,0,경기,광주시,차량단독,도로이탈,도로이탈 추락,안전운전 의무 불이행,단일로,기타단일로,이륜차,없음,977392,1940648,127.24434498,37.46476545
2022,2022-06-26 07:00,주,일,1,0,0,0,0,경기,성남시,차대차,측면충돌,측면충돌,안전거리 미확보,단일로,기타단일로,화물차,이륜차,968625,1937972,127.14532169,37.44038908
2022,2022-06-26 07:00,주,일,1,0,0,0,0,경기,시흥시,차량단독,전도,전도,안전운전 의무 불이행,단일로,기타단일로,자전거,없음,927453,1926162,126.68108305,37.33163369
2022,2022-06-26 10:00,주,일,1,0,0,0,0,경남,고성군,차량단독,기타,기타,안전운전 의무 불이행,단일로,기타단일로,자전거,없음,1088846,1671273,128.47400706,35.03256576
2022,2022-06-27 00:00,야,월,1,0,0,0,0,경기,고양시,차대차,측면충돌,측면충돌,기타,교차로,교차로내,개인형이동장치(PM),승용차,936318,1965262,126.77775672,37.68468989
2022,2022-06-27 06:00,주,월,1,0,0,0,0,전북,남원시,차량단독,공작물충돌,공작물충돌,안전운전 의무 불이행,단일로,기타단일로,화물차,없음,989018,1716544,127.37899332,35.44462676
2022,2022-06-27 15:00,주,월,1,0,0,0,0,경기,남양주시,차량단독,전도,전도,안전운전 의무 불이행,단일로,기타단일로,자전거,없음,976293,1971068,127.23093173,37.73892589
2022,2022-06-27 16:00,주,월,1,1,1,0,0,경북,경주시,차량단독,기타,기타,안전운전 의무 불이행,단일로,기타단일로,화물차,없음,1145742,1778055,129.11675872,35.98839718
2022,2022-06-27 19:00,야,월,1,0,0,0,0,경기,평택시,차대차,측면충돌,측면충돌,신호위반,교차로,교차로내,이륜차,승합차,965073,1890032,127.10741526,37.00813663
2022,2022-06-27 19:00,야,월,1,0,0,0,0,대구,달서구,차대차,정면충돌,정면충돌,신호위반,교차로,교차로부근,이륜차,승합차,1092458,1757993,128.52344192,35.81405531
2022,2022-06-27 21:00,야,월,1,0,0,0,0,부산,동구,차대사람,횡단중,횡단중,안전운전 의무 불이행,단일로,기타단일로,승합차,보행자,1140289,1681044,129.03947602,35.11480615
2022,2022-06-27 21:00,야,월,1,0,0,0,0,전남,나주시,차대차,기타,기타,기타,단일로,기타단일로,승용차,승용차,935977,1671911,126.79805338,35.04019761
2022,2022-06-27 23:00,야,월,1,0,0,0,0,광주,북구,차대차,기타,기타,안전운전 의무 불이행,단일로,지하차도(도로)내,화물차,이륜차,942388,1690859,126.86701889,35.21143238
2022,2022-06-28 02:00,야,화,1,0,0,0,0,충북,제천시,차대차,추돌,추돌,안전거리 미확보,단일로,기타단일로,승용차,승용차,1063611,1901483,128.21594871,37.10984751
2022,2022-06-28 11:00,주,화,1,0,0,0,0,전남,무안군,차대차,기타,기타,안전운전 의무 불이행,교차로,교차로내,화물차,이륜차,903107,1671871,126.43771786,35.03721711
2022,2022-06-29 07:00,주,수,1,2,0,2,0,충남,홍성군,차대차,추돌,추돌,기타,교차로,교차로부근,승용차,화물차,923370,1839706,126.64376332,36.55203471
2022,2022-06-29 09:00,주,수,1,0,0,0,0,경기,안산시,차대차,기타,기타,안전거리 미확보,교차로,교차로내,화물차,승용차,940657,1923492,126.8303342,37.30850584
2022,2022-06-29 09:00,주,수,1,0,0,0,0,전북,완주군,차량단독,기타,기타,안전운전 의무 불이행,단일로,기타단일로,승용차,없음,966291,1771705,127.12626277,35.94145951
2022,2022-06-29 09:00,주,수,1,0,0,0,0,경북,영주시,차대차,추돌,추돌,안전운전 의무 불이행,단일로,기타단일로,원동기장치자전거,승용차,1101092,1870233,128.63355568,36.82490314
2022,2022-06-29 09:00,주,수,1,0,0,0,0,광주,북구,차대사람,기타,기타,기타,단일로,기타단일로,승용차,보행자,945700,1688059,126.9035905,35.18637051
2022,2022-06-29 12:00,주,수,1,0,0,0,0,경북,울진군,차량단독,공작물충돌,공작물충돌,안전운전 의무 불이행,단일로,기타단일로,농기계,없음,1159153,1894008,129.28936615,37.0311327
2022,2022-06-29 14:00,주,수,1,0,0,0,0,충남,공주시,차대차,측면충돌,측면충돌,중앙선 침범,단일로,기타단일로,사륜오토바이(ATV),승용차,949846,1840904,126.93950265,36.56459161
2022,2022-06-29 15:00,주,수,1,0,0,0,0,강원,평창군,차량단독,공작물충돌,공작물충돌,안전운전 의무 불이행,단일로,기타단일로,화물차,없음,1111181,1966279,128.76100967,37.68932542
2022,2022-06-29 18:00,야,수,1,0,0,0,0,경기,연천군,차량단독,도로이탈,도로이탈 추락,안전운전 의무 불이행,단일로,기타단일로,사륜오토바이(ATV),없음,958466,2009238,127.02640471,38.08230633
2022,2022-06-30 00:00,야,목,1,0,0,0,0,충북,제천시,차량단독,공작물충돌,공작물충돌,안전운전 의무 불이행,단일로,기타단일로,특수차,없음,1055625,1911012,128.12677923,37.19624729
2022,2022-06-30 00:00,야,목,1,2,0,2,0,인천,계양구,차대차,추돌,추돌,안전운전 의무 불이행,단일로,기타단일로,승용차,승용차,933824,1948784,126.75096443,37.53600161
2022,2022-06-30 01:00,야,목,1,1,1,0,0,강원,영월군,차량단독,공작물충돌,공작물충돌,기타,단일로,기타단일로,승용차,없음,1067178,1918155,128.25759211,37.25986904
2022,2022-06-30 12:00,주,목,1,0,0,0,0,경북,포항시,차대차,측면충돌,측면충돌,안전운전 의무 불이행,단일로,기타단일로,화물차,개인형이동장치(PM),1166865,1804429,129.35656472,36.22266885
2022,2022-06-30 19:00,야,목,1,0,0,0,0,경남,거제시,차량단독,도로이탈,도로이탈 추락,안전운전 의무 불이행,단일로,기타단일로,승용차,없음,1111144,1670144,128.71826191,35.02017929
2022,2022-07-01 00:00,야,금,1,0,0,0,0,충북,충주시,차대사람,기타,기타,안전운전 의무 불이행,단일로,기타단일로,승용차,보행자,1038617,1885668,127.93383641,36.96865428
2022,2022-07-01 03:00,야,금,1,0,0,0,0,서울,성동구,차대사람,기타,기타,안전운전 의무 불이행,단일로,기타단일로,승용차,보행자,957620,1949994,127.02022659,37.54830892
2022,2022-07-01 04:00,야,금,1,4,2,2,0,충북,영동군,차대차,측면충돌,측면충돌,안전운전 의무 불이행,단일로,기타단일로,승용차,승용차,1038837,1802162,127.93209052,36.21585623
2022,2022-07-01 08:00,주,금,1,0,0,0,0,경북,구미시,차대사람,기타,기타,기타,교차로,교차로내,승용차,보행자,1077980,1790712,128.3664152,36.11027368
2022,2022-07-01 10:00,주,금,1,0,0,0,0,경기,화성시,차대차,기타,기타,안전운전 의무 불이행,단일로,지하차도(도로)내,이륜차,화물차,959678,1911243,127.04563571,37.19911627
2022,2022-07-01 15:00,주,금,1,0,0,0,0,충남,금산군,차대사람,기타,기타,안전운전 의무 불이행,교차로,교차로부근,화물차,보행자,998747,1789495,127.48607947,36.10243356
2022,2022-07-01 18:00,야,금,1,0,0,0,0,경남,통영시,차대차,추돌,추돌,안전운전 의무 불이행,단일로,기타단일로,승용차,건설기계,1083291,1654031,128.41139279,34.87757917
2022,2022-07-01 21:00,야,금,1,0,0,0,0,경기,파주시,차대차,측면충돌,측면충돌,신호위반,교차로,교차로내,승용차,이륜차,934049,1970259,126.75157228,37.72956535
2022,2022-07-02 03:00,야,토,1,0,0,0,0,대구,중구,차량단독,기타,기타,안전운전 의무 불이행,단일로,기타단일로,이륜차,없음,1099101,1763127,128.59760071,35.85968743
2022,2022-07-02 11:00,주,토,1,1,1,0,0,서울,동대문구,차대사람,보도통행중,보도통행중,안전운전 의무 불이행,기타,기타,승용차,보행자,959668,1953339,127.04322676,37.57855028
2022,2022-07-02 14:00,주,토,1,0,0,0,0,경남,진주시,차대사람,기타,기타,안전운전 의무 불이행,단일로,기타단일로,화물차,보행자,1038168,1689775,127.91930667,35.20258645
2022,2022-07-02 16:00,주,토,1,4,3,1,0,경기,여주시,차대차,추돌,추돌,안전운전 의무 불이행,단일로,기타단일로,화물차,승용차,1009790,1915430,127.61037407,37.23767818
2022,2022-07-02 17:00,주,토,1,0,0,0,0,부산,기장군,차대사람,횡단중,횡단중,보행자 보호의무 위반,교차로,교차로내,화물차,보행자,1155989,1695545,129.21443952,35.24319555
2022,2022-07-02 17:00,주,토,1,0,0,0,0,경남,양산시,차대사람,횡단중,횡단중,보행자 보호의무 위반,교차로,교차로횡단보도내,승용차,보행자,1152138,1709234,129.17467158,35.36716838
2022,2022-07-02 19:00,야,토,1,4,4,0,0,충북,음성군,차량단독,전복,전복,안전운전 의무 불이행,단일로,기타단일로,화물차,없음,998362,1890874,127.48158661,37.01637461
2022,2022-07-02 20:00,야,토,1,0,0,0,0,경남,밀양시,차대사람,횡단중,횡단중,안전운전 의무 불이행,단일로,기타단일로,승용차,보행자,1112295,1723863,128.73822156,35.50432617
2022,2022-07-02 20:00,야,토,1,1,0,1,0,경남,양산시,차대사람,횡단중,횡단중,안전운전 의무 불이행,단일로,기타단일로,이륜차,보행자,1151713,1714060,129.17089222,35.41072994
2022,2022-07-02 23:00,야,토,1,0,0,0,0,서울,영등포구,차량단독,전도,전도,안전운전 의무 불이행,단일로,기타단일로,자전거,없음,948407,1944938,126.91628822,37.50226856
2022,2022-07-03 01:00,야,일,1,0,0,0,0,전남,신안군,차량단독,전도,전도,안전운전 의무 불이행,단일로,기타단일로,이륜차,없음,878134,1633741,126.16953501,34.69076212
2022,2022-07-03 02:00,야,일,2,3,1,2,0,인천,남동구,차대차,정면충돌,정면충돌,중앙선 침범,단일로,고가도로위,승용차,승용차,930058,1936194,126.70953753,37.42225193
2022,2022-07-03 05:00,야,일,1,0,0,0,0,경북,칠곡군,차량단독,공작물충돌,공작물충돌,안전운전 의무 불이행,단일로,기타단일로,승용차,없음,1082202,1768526,128.41101524,35.90992331
2022,2022-07-03 09:00,주,일,1,0,0,0,0,경북,영덕군,차량단독,도로이탈,도로이탈 추락,안전운전 의무 불이행,단일로,기타단일로,농기계,없음,1168538,1836154,129.38204371,36.50823782
2022,2022-07-03 10:00,주,일,1,0,0,0,0,부산,북구,차대차,기타,기타,신호위반,교차로,교차로내,승용차,자전거,1137515,1696751,129.01166498,35.25677214
2022,2022-07-03 11:00,주,일,1,0,0,0,0,전북,완주군,차대사람,기타,기타,안전운전 의무 불이행,단일로,지하차도(도로)내,화물차,보행자,957647,1758671,127.03112105,35.82361069
2022,2022-07-03 15:00,주,일,1,0,0,0,0,광주,광산구,차량단독,전도,전도,안전운전 의무 불이행,단일로,터널안,자전거,없음,938754,1691747,126.82702856,35.21922372
2022,2022-07-03 16:00,주,일,1,0,0,0,0,전남,목포시,차대차,측면충돌,측면충돌,기타,교차로,교차로내,승용차,자전거,899277,1645161,126.39895546,34.79602781
2022,2022-07-03 23:00,야,일,1,0,0,0,0,경기,평택시,차대사람,차도통행중,차도통행중,안전운전 의무 불이행,단일로,기타단일로,승용차,보행자,961244,1896480,127.06404564,37.06610946
2022,2022-07-04 07:00,주,월,1,0,0,0,0,전남,곡성군,차대차,측면충돌,측면충돌,기타,교차로,교차로내,이륜차,화물차,969778,1695594,127.16777133,35.25532689
2022,2022-07-04 09:00,주,월,1,0,0,0,0,경남,의령군,차대차,측면충돌,측면충돌,중앙선 침범,교차로,교차로부근,이륜차,화물차,1082451,1708530,128.40763726,35.36901778
2022,2022-07-04 13:00,주,월,1,1,0,1,0,경기,파주시,차대차,추돌,추돌,안전운전 의무 불이행,단일로,기타단일로,화물차,특수차,937641,1977636,126.79169845,37.79630284
2022,2022-07-04 17:00,주,월,1,0,0,0,0,경북,영주시,차량단독,공작물충돌,공작물충돌,안전운전 의무 불이행,단일로,기타단일로,화물차,없음,1101111,1870642,128.63382309,36.8285874
2022,2022-07-05 01:00,야,화,1,0,0,0,0,경기,화성시,차대사람,차도통행중,차도통행중,안전운전 의무 불이행,단일로,기타단일로,특수차,보행자,946060,1905152,126.89262916,37.14352616
2022,2022-07-05 03:00,야,화,1,1,0,1,0,경북,문경시,차대차,추돌,추돌,기타,단일로,기타단일로,화물차,승용차,1058008,1847615,128.14877145,36.62464277
2022,2022-07-05 05:00,야,화,1,0,0,0,0,경남,진주시,차대사람,횡단중,횡단중,안전운전 의무 불이행,단일로,기타단일로,승용차,보행자,1057263,1687818,128.12893547,35.18403288
2022,2022-07-05 13:00,주,화,1,0,0,0,0,경북,포항시,차대차,측면충돌,측면충돌,신호위반,교차로,교차로내,화물차,승용차,1170764,1789374,129.39665352,36.08633119
2022,2022-07-05 15:00,주,화,1,0,0,0,0,서울,강서구,차대차,기타,기타,안전운전 의무 불이행,교차로,교차로내,이륜차,승합차,939630,1951492,126.81645428,37.56080721
2022,2022-07-05 15:00,주,화,1,0,0,0,0,충남,서산시,차대사람,차도통행중,차도통행중,안전운전 의무 불이행,교차로,교차로내,승용차,보행자,905650,1871301,126.44189842,36.83522582
2022,2022-07-05 15:00,주,화,1,0,0,0,0,광주,북구,차대사람,길가장자리구역통행중,길가장자리구역통행중,안전운전 의무 불이행,교차로,교차로부근,승용차,보행자,948075,1687345,126.92972035,35.18005822
2022,2022-07-05 18:00,야,화,1,0,0,0,0,경기,수원시,차량단독,공작물충돌,공작물충돌,안전운전 의무 불이행,단일로,기타단일로,이륜차,없음,957963,1921417,127.02573667,37.29074644
2022,2022-07-05 23:00,야,화,1,2,1,1,0,경기,군포시,차대차,추돌,추돌,안전운전 의무 불이행,단일로,기타단일로,화물차,화물차,947097,1924956,126.90289924,37.32209045
2022,2022-07-06 05:00,야,수,1,0,0,0,0,경기,평택시,차대사람,횡단중,횡단중,안전운전 의무 불이행,기타,기타,승용차,보행자,953959,1890049,126.98249526,37.00781093
2022,2022-07-06 06:00,주,수,1,0,0,0,0,부산,남구,차량단독,기타,기타,기타,단일로,기타단일로,이륜차,없음,1147711,1682099,129.12108228,35.12325397
2022,2022-07-06 07:00,주,수,1,0,0,0,0,충북,영동군,차대차,측면충돌,측면충돌,안전운전 의무 불이행,단일로,기타단일로,농기계,이륜차,1016706,1791594,127.68564379,36.12121464
2022,2022-07-06 11:00,주,수,1,0,0,0,0,부산,강서구,차량단독,공작물충돌,공작물충돌,안전운전 의무 불이행,단일로,기타단일로,승용차,없음,1131723,1684903,128.94611865,35.15074984
2022,2022-07-06 13:00,주,수,1,0,0,0,0,전북,순창군,차량단독,공작물충돌,공작물충돌,안전운전 의무 불이행,교차로,교차로내,화물차,없음,967394,1709477,127.1410118,35.3804322
2022,2022-07-06 15:00,주,수,1,0,0,0,0,충북,제천시,차량단독,공작물충돌,공작물충돌,안전운전 의무 불이행,교차로,교차로부근,화물차,없음,1054099,1907037,128.10929742,37.16050777
2022,2022-07-06 15:00,주,수,1,0,0,0,0,충북,청주시,차대차,측면충돌,측면충돌,안전운전 의무 불이행,교차로,교차로내,화물차,이륜차,998709,1847976,127.48556021,36.62966261
2022,2022-07-06 18:00,야,수,1,0,0,0,0,부산,영도구,차대차,측면충돌,측면충돌,안전운전 의무 불이행,기타,기타,승용차,승용차,1140613,1678176,129.04254314,35.08890877
2022,2022-07-07 04:00,야,목,1,0,0,0,0,서울,강서구,차대사람,횡단중,횡단중,기타,교차로,교차로내,승용차,보행자,943016,1950842,126.85484084,37.55516449
2022,2022-07-07 09:00,주,목,1,0,0,0,0,경남,통영시,차대사람,횡단중,횡단중,보행자 보호의무 위반,교차로,교차로부근,화물차,보행자,1085257,1650529,128.43254631,34.84584042
2022,2022-07-07 09:00,주,목,1,0,0,0,0,경남,양산시,차대사람,횡단중,횡단중,보행자 보호의무 위반,교차로,교차로내,화물차,보행자,1139796,1707165,129.03850774,35.35032535
2022,2022-07-07 13:00,주,목,1,0,0,0,0,충남,예산군,차대차,측면충돌,측면충돌,신호위반,교차로,교차로내,자전거,건설기계,926450,1852607,126.67693998,36.66856763
2022,2022-07-07 16:00,주,목,1,1,1,0,0,경기,평택시,차대사람,기타,기타,신호위반,교차로,교차로횡단보도내,건설기계,보행자,948071,1891855,126.91619207,37.02378309
2022,2022-07-07 16:00,주,목,1,0,0,0,0,전남,신안군,차량단독,공작물충돌,공작물충돌,안전운전 의무 불이행,기타,기타,승용차,없음,860595,1642894,125.97659651,34.77103279
2022,2022-07-07 17:00,주,목,1,0,0,0,0,제주,제주시,차대사람,횡단중,횡단중,보행자 보호의무 위반,교차로,교차로내,화물차,보행자,899493,1498351,126.41831628,33.47225102
2022,2022-07-08 02:00,야,금,1,0,0,0,0,서울,영등포구,차대차,측면충돌,측면충돌,안전운전 의무 불이행,단일로,기타단일로,개인형이동장치(PM),화물차,945689,1949889,126.88517284,37.54673652
2022,2022-07-08 02:00,야,금,1,0,0,0,0,서울,서초구,차량단독,기타,기타,안전운전 의무 불이행,단일로,기타단일로,승용차,없음,957403,1946780,127.01795656,37.51933018
2022,2022-07-08 04:00,야,금,1,0,0,0,0,서울,강서구,차대사람,기타,기타,안전운전 의무 불이행,교차로,교차로횡단보도내,승용차,보행자,943000,1950851,126.85465901,37.55524462
2022,2022-07-08 05:00,야,금,1,1,0,1,0,대구,수성구,차량단독,전도,전도,안전운전 의무 불이행,단일로,기타단일로,화물차,없음,1107265,1762489,128.68791912,35.85307638
2022,2022-07-08 08:00,주,금,1,0,0,0,0,전북,정읍시,차대차,측면충돌,측면충돌,기타,교차로,교차로내,승용차,승합차,935206,1733311,126.7847426,35.59374732
2022,2022-07-08 08:00,주,금,1,0,0,0,0,광주,북구,차대사람,기타,기타,기타,단일로,기타단일로,승용차,보행자,940446,1692243,126.84558327,35.22379783
2022,2022-07-08 09:00,주,금,1,0,0,0,0,경기,이천시,차량단독,도로이탈,도로이탈 추락,안전운전 의무 불이행,단일로,기타단일로,이륜차,없음,1008959,1903652,127.60086397,37.13151807
2022,2022-07-08 09:00,주,금,1,0,0,0,0,전북,무주군,차량단독,공작물충돌,공작물충돌,안전운전 의무 불이행,단일로,지하차도(도로)내,승용차,없음,1025295,1775716,127.78057888,35.97787647
2022,2022-07-08 14:00,주,금,1,0,0,0,0,경기,수원시,차대사람,기타,기타,안전운전 의무 불이행,기타,기타,화물차,보행자,953928,1919753,126.9803184,37.27555661
2022,2022-07-08 16:00,주,금,1,0,0,0,0,전남,화순군,차량단독,기타,기타,안전운전 의무 불이행,단일로,기타단일로,이륜차,없음,957005,1675306,127.02841926,35.07192525
2022,2022-07-08 17:00,주,금,1,0,0,0,0,경북,안동시,차량단독,기타,기타,안전운전 의무 불이행,단일로,기타단일로,이륜차,없음,1102376,1839767,128.64387617,36.55017201
2022,2022-07-08 23:00,야,금,1,0,0,0,0,전북,군산시,차대사람,기타,기타,안전운전 의무 불이행,단일로,기타단일로,승용차,보행자,926237,1775921,126.68181516,35.97726315
2022,2022-07-09 03:00,야,토,1,0,0,0,0,경기,이천시,차대차,추돌,추돌,안전운전 의무 불이행,단일로,기타단일로,승용차,화물차,999623,1921175,127.49574673,37.28951513
2022,2022-07-09 04:00,야,토,1,0,0,0,0,강원,원주시,차대사람,횡단중,횡단중,안전운전 의무 불이행,단일로,기타단일로,승용차,보행자,1040066,1926824,127.952319,37.33957035
2022,2022-07-09 05:00,야,토,1,0,0,0,0,경기,김포시,차대차,기타,기타,교차로 통행방법 위반,교차로,교차로내,원동기장치자전거,승용차,920349,1963052,126.59690586,37.6635246
2022,2022-07-09 05:00,야,토,1,0,0,0,0,경기,화성시,차대사람,기타,기타,안전운전 의무 불이행,단일로,기타단일로,승용차,보행자,962213,1911929,127.07416562,37.2054059
2022,2022-07-09 08:00,주,토,1,1,0,1,0,충북,충주시,차대차,정면충돌,정면충돌,중앙선 침범,단일로,지하차도(도로)내,승용차,화물차,1032909,1895190,127.87012812,37.0547047
2022,2022-07-09 09:00,주,토,1,1,0,1,0,전남,강진군,차대사람,기타,기타,안전운전 의무 불이행,단일로,기타단일로,화물차,보행자,934793,1623837,126.78880892,34.60663839
2022,2022-07-09 10:00,주,토,1,0,0,0,0,서울,성북구,차대차,측면충돌,측면충돌,기타,단일로,기타단일로,이륜차,승용차,958480,1954207,127.02972346,37.58632094
2022,2022-07-09 13:00,주,토,1,0,0,0,0,경북,고령군,차대차,기타,기타,안전운전 의무 불이행,단일로,기타단일로,이륜차,화물차,1070704,1751854,128.28212195,35.76051857
2022,2022-07-09 14:00,주,토,1,1,1,0,0,경북,경주시,차량단독,공작물충돌,공작물충돌,안전운전 의무 불이행,단일로,기타단일로,화물차,없음,1161683,1747778,129.28738742,35.71303528
2022,2022-07-09 16:00,주,토,1,0,0,0,0,전남,여수시,차대차,추돌,추돌,안전운전 의무 불이행,단일로,터널안,화물차,농기계,1011922,1641146,127.63027786,34.76473243
2022,2022-07-09 17:00,주,토,1,0,0,0,0,충남,서천군,차대사람,기타,기타,안전운전 의무 불이행,교차로,교차로부근,승용차,보행자,936017,1789629,126.78917779,36.10153403
2022,2022-07-09 21:00,야,토,1,0,0,0,0,전남,목포시,차량단독,기타,기타,안전운전 의무 불이행,단일로,기타단일로,개인형이동장치(PM),없음,897220,1646677,126.37628784,34.80949057
2022,2022-07-10 09:00,주,일,1,1,1,0,0,충북,충주시,차대차,정면충돌,정면충돌,중앙선 침범,단일로,기타단일로,화물차,이륜차,1033585,1903008,127.87808087,37.12515294
2022,2022-07-10 10:00,주,일,1,0,0,0,0,경남,함안군,차대차,측면충돌,측면충돌,안전운전 의무 불이행,단일로,기타단일로,이륜차,승용차,1089663,1708831,128.48705137,35.37110912
2022,2022-07-10 20:00,야,일,1,18,7,11,0,충북,제천시,차대차,기타,기타,기타,단일로,기타단일로,승합차,승용차,1055932,1910044,128.13016578,37.18750379