발생년,발생년월일시,주야,요일,사망자수,부상자수,중상자수,경상자수,부상신고자수,발생지시도,발생지시군구,사고유형_대분류,사고유형_중분류,사고유형,가해자법규위반,도로형태_대분류,도로형태,가해자_당사자종별,피해자_당사자종별,발생위치X_UTMK,발생위치Y_UTMK,경도,위도
2022,2022-07-11 00:00,야,월,1,0,0,0,0,경기,화성시,차량단독,기타,기타,안전운전 의무 불이행,단일로,기타단일로,이륜차,없음,929120,1908070,126.70162107,37.16869618
2022,2022-07-11 02:00,야,월,1,1,0,1,0,경기,광명시,차대사람,차도통행중,차도통행중,기타,단일로,기타단일로,승용차,보행자,942059,1941702,126.84472723,37.47272548
2022,2022-07-11 05:00,야,월,1,0,0,0,0,경기,평택시,차량단독,기타,기타,안전운전 의무 불이행,단일로,기타단일로,이륜차,없음,960461,1885370,127.05582142,36.96592974
2022,2022-07-11 06:00,주,월,1,2,0,2,0,경기,남양주시,차대차,추돌,추돌,안전운전 의무 불이행,단일로,기타단일로,화물차,특수차,977086,1949867,127.24059734,37.54785396
2022,2022-07-11 07:00,주,월,1,1,0,1,0,전북,남원시,차대차,정면충돌,정면충돌,중앙선 침범,단일로,기타단일로,화물차,승용차,999643,1716726,127.49606626,35.44632839
2022,2022-07-11 11:00,주,월,1,0,0,0,0,경남,거제시,차대사람,차도통행중,차도통행중,안전운전 의무 불이행,교차로,교차로내,화물차,보행자,1093407,1658922,128.52261652,34.92079709
2022,2022-07-11 15:00,주,월,1,0,0,0,0,경북,안동시,차량단독,도로이탈,도로이탈 추락,안전운전 의무 불이행,단일로,기타단일로,자전거,없음,1107533,1852688,128.70329358,36.66606282
2022,2022-07-12 04:00,야,화,1,0,0,0,0,경기,평택시,차대사람,횡단중,횡단중,기타,교차로,교차로내,승용차,보행자,962533,1888151,127.07895945,36.99108308
2022,2022-07-12 07:00,주,화,1,0,0,0,0,경기,평택시,차대사람,횡단중,횡단중,보행자 보호의무 위반,교차로,교차로횡단보도내,승합차,보행자,960581,1896511,127.05658633,37.06636126
2022,2022-07-12 07:00,주,화,1,0,0,0,0,경북,상주시,차량단독,도로이탈,도로이탈 추락,안전운전 의무 불이행,단일로,기타단일로,화물차,없음,1057045,1819212,128.13590477,36.36865824
2022,2022-07-12 08:00,주,화,1,0,0,0,0,전북,남원시,차대사람,기타,기타,안전운전 의무 불이행,단일로,기타단일로,특수차,보행자,990602,1713708,127.39647955,35.4190714
2022,2022-07-12 11:00,주,화,2,8,2,3,3,제주,제주시,차대차,정면충돌,정면충돌,기타,교차로,교차로부근,승용차,승합차,906213,1500498,126.49040401,33.49222324
2022,2022-07-12 13:00,주,화,1,3,3,0,0,경남,함양군,차대차,측면충돌,측면충돌,신호위반,교차로,교차로내,승용차,승용차,1017654,1721041,127.69462038,35.48507878
2022,2022-07-12 14:00,주,화,1,0,0,0,0,충남,보령시,차대사람,횡단중,횡단중,기타,단일로,기타단일로,승합차,보행자,914028,1813141,126.54233784,36.31178191
2022,2022-07-12 15:00,주,화,1,1,0,0,1,세종,세종시,차대차,측면충돌,측면충돌,기타,단일로,기타단일로,이륜차,승합차,978425,1835237,127.25904234,36.51457703
2022,2022-07-12 16:00,주,화,1,0,0,0,0,경북,상주시,차대사람,차도통행중,차도통행중,안전운전 의무 불이행,단일로,지하차도(도로)내,화물차,보행자,1041149,1813513,127.95841022,36.31809272
2022,2022-07-12 17:00,주,화,1,0,0,0,0,제주,제주시,차량단독,기타,기타,안전운전 의무 불이행,단일로,기타단일로,농기계,없음,887709,1492263,126.29227806,33.41617964
2022,2022-07-12 19:00,야,화,1,1,1,0,0,전북,익산시,차대차,측면충돌,측면충돌,기타,교차로,교차로내,승용차,승용차,946696,1774478,126.90883201,35.9655866
2022,2022-07-12 20:00,야,화,1,0,0,0,0,경남,창원시(통합),차량단독,기타,기타,안전운전 의무 불이행,단일로,기타단일로,승합차,없음,1105687,1684037,128.66023061,35.14601682
2022,2022-07-13 08:00,주,수,1,0,0,0,0,경남,진주시,차대차,정면충돌,정면충돌,안전운전 의무 불이행,교차로,교차로횡단보도내,자전거,승용차,1051881,1686723,128.0697573,35.17445209
2022,2022-07-13 09:00,주,수,1,0,0,0,0,서울,금천구,차대차,기타,기타,중앙선 침범,단일로,기타단일로,화물차,승용차,946799,1941081,126.8983754,37.46741339
2022,2022-07-13 13:00,주,수,1,1,0,1,0,강원,철원군,차량단독,도로이탈,도로이탈 추락,안전운전 의무 불이행,단일로,기타단일로,화물차,없음,976248,2022052,127.22873551,38.19843574
2022,2022-07-13 14:00,주,수,1,0,0,0,0,전남,광양시,차대차,측면충돌,측면충돌,신호위반,교차로,교차로내,건설기계,사륜오토바이(ATV),1022494,1664306,127.74642514,34.97340055
2022,2022-07-13 15:00,주,수,1,0,0,0,0,제주,제주시,차량단독,기타,기타,안전운전 의무 불이행,단일로,기타단일로,승용차,없음,929106,1501746,126.73672109,33.50524151
2022,2022-07-13 23:00,야,수,1,0,0,0,0,울산,울주군,차대차,추돌,추돌,안전운전 의무 불이행,교차로,교차로부근,화물차,특수차,1162357,1719167,129.28908877,35.45507787
2022,2022-07-14 00:00,야,목,1,0,0,0,0,서울,마포구,차대사람,횡단중,횡단중,기타,교차로,교차로부근,승용차,보행자,951149,1949134,126.94703019,37.54023722
2022,2022-07-14 04:00,야,목,3,2,1,1,0,광주,광산구,차대차,측면충돌,측면충돌,안전운전 의무 불이행,단일로,기타단일로,승용차,승용차,939299,1687231,126.83334945,35.1785382
2022,2022-07-14 10:00,주,목,1,0,0,0,0,부산,해운대구,차대사람,길가장자리구역통행중,길가장자리구역통행중,안전운전 의무 불이행,단일로,기타단일로,화물차,보행자,1147864,1689232,129.12403833,35.18752537
2022,2022-07-14 15:00,주,목,1,0,0,0,0,전남,영광군,차량단독,공작물충돌,공작물충돌,안전운전 의무 불이행,단일로,기타단일로,이륜차,없음,898322,1689911,126.38304845,35.19938706
2022,2022-07-14 16:00,주,목,1,0,0,0,0,경기,평택시,차대차,기타,기타,기타,단일로,기타단일로,승용차,개인형이동장치(PM),960355,1892712,127.05424449,37.03210723
2022,2022-07-14 20:00,야,목,1,0,0,0,0,서울,관악구,차대사람,횡단중,횡단중,안전운전 의무 불이행,단일로,기타단일로,이륜차,보행자,950790,1942687,126.94339834,37.48210987
2022,2022-07-14 22:00,야,목,1,0,0,0,0,경북,상주시,차량단독,공작물충돌,공작물충돌,안전운전 의무 불이행,교차로,교차로내,승용차,없음,1061331,1824731,128.1841155,36.41814656
2022,2022-07-15 09:00,주,금,1,1,1,0,0,경기,부천시,차대차,측면충돌,측면충돌,기타,교차로,교차로내,승용차,이륜차,940219,1947520,126.82344646,37.52504611
2022,2022-07-15 12:00,주,금,1,2,1,1,0,경기,평택시,차대차,측면충돌,측면충돌,안전운전 의무 불이행,단일로,기타단일로,승용차,이륜차,947717,1883283,126.91280661,36.94649564
2022,2022-07-15 13:00,주,금,1,1,1,0,0,강원,평창군,차대차,정면충돌,정면충돌,중앙선 침범,단일로,지하차도(도로)내,승용차,승용차,1079307,1951609,128.39795332,37.56042569
2022,2022-07-15 18:00,야,금,1,0,0,0,0,충남,서산시,차량단독,전도,전도,안전운전 의무 불이행,기타,기타,농기계,없음,911513,1851267,126.50996315,36.65521704
2022,2022-07-15 18:00,야,금,1,0,0,0,0,대구,북구,차량단독,전도,전도,안전운전 의무 불이행,단일로,기타단일로,개인형이동장치(PM),없음,1101715,1767478,128.62710286,35.89864104
2022,2022-07-15 20:00,야,금,1,0,0,0,0,전남,나주시,차대차,측면충돌,측면충돌,신호위반,교차로,교차로내,승용차,이륜차,930090,1669192,126.7337422,35.01529094
2022,2022-07-15 21:00,야,금,1,0,0,0,0,경남,함양군,차대사람,길가장자리구역통행중,길가장자리구역통행중,안전운전 의무 불이행,단일로,기타단일로,화물차,보행자,1017797,1720879,127.69619327,35.48361553
2022,2022-07-16 06:00,주,토,1,0,0,0,0,울산,남구,차대사람,기타,기타,안전운전 의무 불이행,단일로,교량위,승용차,보행자,1168184,1729141,129.35533619,35.54399462
2022,2022-07-16 13:00,주,토,1,1,0,1,0,충남,천안시,차대차,기타,기타,신호위반,교차로,교차로내,이륜차,승용차,965788,1868728,127.11641463,36.81612101
2022,2022-07-16 16:00,주,토,1,0,0,0,0,경기,양평군,차량단독,기타,기타,안전운전 의무 불이행,단일로,기타단일로,자전거,없음,1011118,1942634,127.62575462,37.48287629
2022,2022-07-16 16:00,주,토,1,0,0,0,0,강원,홍천군,차대차,추돌,추돌,안전운전 의무 불이행,단일로,기타단일로,승용차,자전거,1063885,1967036,128.22470101,37.70066421
2022,2022-07-16 21:00,야,토,1,0,0,0,0,서울,은평구,차량단독,기타,기타,안전운전 의무 불이행,단일로,기타단일로,이륜차,없음,946266,1954056,126.89139894,37.58432775
2022,2022-07-16 22:00,야,토,1,0,0,0,0,전북,순창군,차대사람,차도통행중,차도통행중,안전운전 의무 불이행,단일로,기타단일로,화물차,보행자,967646,1714114,127.14360228,35.4222507
2022,2022-07-16 22:00,야,토,1,0,0,0,0,광주,동구,차대차,기타,기타,신호위반,교차로,교차로내,승용차,이륜차,947218,1682646,126.92060907,35.13764387
2022,2022-07-16 23:00,야,토,1,1,0,0,1,경기,고양시,차대차,측면충돌,측면충돌,신호위반,교차로,교차로내,이륜차,승용차,936313,1966272,126.77761172,37.69379233
2022,2022-07-17 02:00,야,일,1,1,1,0,0,충북,음성군,차대차,추돌,추돌,기타,단일로,기타단일로,승용차,승용차,1012760,1884349,127.64332952,36.95747025
2022,2022-07-17 04:00,야,일,1,0,0,0,0,부산,부산진구,차량단독,공작물충돌,공작물충돌,안전운전 의무 불이행,기타,기타,이륜차,없음,1140623,1686318,129.04403762,35.16229914
2022,2022-07-17 13:00,주,일,1,1,1,0,0,충남,논산시,차량단독,전복,전복,안전운전 의무 불이행,기타,기타,승용차,없음,967308,1791880,127.1367039,36.12338611
2022,2022-07-17 15:00,주,일,1,0,0,0,0,경기,양주시,차량단독,전도,전도,안전운전 의무 불이행,단일로,기타단일로,이륜차,없음,957659,1985682,127.01859179,37.86996768
2022,2022-07-17 19:00,야,일,1,1,1,0,0,경기,안성시,차량단독,전도,전도,안전운전 의무 불이행,단일로,기타단일로,농기계,없음,988943,1899642,127.37557512,37.09534854
2022,2022-07-17 21:00,야,일,1,1,1,0,0,경북,영천시,차대차,정면충돌,정면충돌,중앙선 침범,단일로,기타단일로,승용차,승용차,1125955,1772370,128.89641633,35.93991365
2022,2022-07-18 01:00,야,월,1,0,0,0,0,서울,광진구,차대사람,횡단중,횡단중,안전운전 의무 불이행,단일로,기타단일로,승용차,보행자,963074,1950861,127.0819247,37.55635822
2022,2022-07-18 05:00,야,월,1,0,0,0,0,경기,고양시,차대차,측면충돌,측면충돌,기타,단일로,기타단일로,건설기계,승용차,943323,1966448,126.8571061,37.69583885
2022,2022-07-18 23:00,야,월,1,1,1,0,0,충북,보은군,차대차,추돌,추돌,안전운전 의무 불이행,단일로,기타단일로,화물차,승용차,1008826,1833161,127.59854867,36.49606417
2022,2022-07-19 01:00,야,화,1,0,0,0,0,경기,시흥시,차대차,기타,기타,안전운전 의무 불이행,단일로,기타단일로,이륜차,승용차,933975,1927894,126.75454371,37.3477311
2022,2022-07-19 10:00,주,화,1,0,0,0,0,서울,동대문구,차대사람,차도통행중,차도통행중,안전운전 의무 불이행,교차로,교차로부근,승용차,보행자,960655,1951894,127.05448214,37.5655688
2022,2022-07-19 12:00,주,화,1,0,0,0,0,전남,곡성군,차대차,추돌,추돌,안전운전 의무 불이행,단일로,기타단일로,승용차,자전거,966810,1697474,127.13506885,35.27218462
2022,2022-07-19 16:00,주,화,1,0,0,0,0,전북,남원시,차량단독,전도,전도,안전운전 의무 불이행,단일로,기타단일로,농기계,없음,982381,1715722,127.30588072,35.43711956
2022,2022-07-19 18:00,야,화,1,0,0,0,0,서울,서초구,차대사람,기타,기타,안전운전 의무 불이행,교차로,교차로부근,승용차,보행자,959413,1941641,127.04098538,37.47310105
2022,2022-07-20 00:00,야,수,1,0,0,0,0,서울,영등포구,차대사람,차도통행중,차도통행중,안전운전 의무 불이행,단일로,기타단일로,승용차,보행자,949406,1946718,126.92746763,37.51836736
2022,2022-07-20 00:00,야,수,1,0,0,0,0,경기,광명시,차대차,정면충돌,정면충돌,중앙선 침범,단일로,기타단일로,이륜차,화물차,945240,1936594,126.88107962,37.42688
2022,2022-07-20 03:00,야,수,3,4,4,0,0,제주,제주시,차량단독,공작물충돌,공작물충돌,안전운전 의무 불이행,교차로,교차로부근,승용차,없음,891105,1497773,126.32812833,33.46621815
2022,2022-07-20 07:00,주,수,1,0,0,0,0,강원,태백시,차대차,측면충돌,측면충돌,교차로 통행방법 위반,교차로,교차로내,사륜오토바이(ATV),화물차,1131661,1912937,128.98370164,37.2059645
2022,2022-07-20 08:00,주,수,1,0,0,0,0,부산,수영구,차대사람,횡단중,횡단중,안전운전 의무 불이행,교차로,교차로부근,화물차,보행자,1146826,1684690,129.11183343,35.14673787
2022,2022-07-20 11:00,주,수,1,0,0,0,0,경북,영천시,차대차,측면충돌,측면충돌,안전운전 의무 불이행,교차로,교차로내,원동기장치자전거,화물차,1124921,1773342,128.88510869,35.94880746
2022,2022-07-20 19:00,야,수,1,0,0,0,0,부산,해운대구,차대차,기타,기타,안전운전 의무 불이행,단일로,기타단일로,개인형이동장치(PM),승용차,1150418,1693321,129.15282628,35.22400169
2022,2022-07-20 20:00,야,수,1,0,0,0,0,서울,양천구,차대사람,기타,기타,기타,단일로,기타단일로,승용차,보행자,940569,1948865,126.82729836,37.53719122
2022,2022-07-20 20:00,야,수,1,0,0,0,0,충남,아산시,차대사람,기타,기타,안전운전 의무 불이행,기타,기타,승합차,보행자,956836,1865652,127.01622204,36.78802658
2022,2022-07-20 20:00,야,수,1,0,0,0,0,경북,김천시,차대사람,차도통행중,차도통행중,중앙선 침범,단일로,기타단일로,승용차,보행자,1058042,1800362,128.14561693,36.19866693
2022,2022-07-20 20:00,야,수,1,0,0,0,0,경남,함양군,차대사람,차도통행중,차도통행중,안전운전 의무 불이행,교차로,교차로내,승용차,보행자,1026482,1719115,127.79187788,35.46751659
2022,2022-07-20 22:00,야,수,1,0,0,0,0,경기,평택시,차대사람,횡단중,횡단중,안전운전 의무 불이행,단일로,기타단일로,승용차,보행자,949128,1886872,126.92841111,36.97892431
2022,2022-07-20 22:00,야,수,1,0,0,0,0,경기,시흥시,차대사람,차도통행중,차도통행중,신호위반,교차로,교차로부근,승용차,보행자,931569,1928633,126.72731268,37.35421747
2022,2022-07-21 00:00,야,목,1,0,0,0,0,전북,군산시,차량단독,기타,기타,안전운전 의무 불이행,단일로,기타단일로,자전거,없음,929307,1776185,126.71584136,35.9798705
2022,2022-07-21 02:00,야,목,1,0,0,0,0,경기,평택시,차량단독,공작물충돌,공작물충돌,안전운전 의무 불이행,단일로,기타단일로,승용차,없음,946213,1887835,126.89559163,36.98744254
2022,2022-07-21 02:00,야,목,1,0,0,0,0,대구,달서구,차대사람,기타,기타,안전운전 의무 불이행,단일로,기타단일로,승용차,보행자,1093521,1760586,128.53551045,35.83732976
2022,2022-07-21 05:00,야,목,1,0,0,0,0,경남,함양군,차대사람,기타,기타,기타,단일로,기타단일로,화물차,보행자,1026946,1724758,127.7971792,35.51838469
2022,2022-07-21 14:00,주,목,1,0,0,0,0,전남,여수시,차대차,측면충돌,측면충돌,안전운전 의무 불이행,교차로,교차로부근,이륜차,화물차,1007183,1654238,127.57860449,34.88283649
2022,2022-07-21 15:00,주,목,1,0,0,0,0,경남,진주시,차대차,측면충돌,측면충돌,안전운전 의무 불이행,교차로,교차로내,자전거,승용차,1052273,1689512,128.07423894,35.19957937
2022,2022-07-21 16:00,주,목,1,0,0,0,0,경기,양평군,차대사람,길가장자리구역통행중,길가장자리구역통행중,안전운전 의무 불이행,단일로,기타단일로,승용차,보행자,1023535,1946641,127.76632933,37.5187607
2022,2022-07-21 18:00,야,목,1,0,0,0,0,경남,진주시,차대차,측면충돌,측면충돌,안전운전 의무 불이행,단일로,기타단일로,자전거,승용차,1064477,1683865,128.20785483,35.1479533
2022,2022-07-21 22:00,야,목,1,1,1,0,0,서울,서대문구,차대차,측면충돌,측면충돌,신호위반,교차로,교차로내,이륜차,이륜차,950143,1953155,126.93536985,37.57642518
2022,2022-07-22 02:00,야,금,1,0,0,0,0,경기,화성시,차대차,기타,기타,안전운전 의무 불이행,기타,기타,특수차,승용차,945284,1916657,126.88304848,37.24718263
2022,2022-07-22 09:00,주,금,1,0,0,0,0,전북,익산시,차대사람,횡단중,횡단중,안전운전 의무 불이행,교차로,교차로횡단보도내,건설기계,보행자,951873,1771107,126.96644956,35.93546402
2022,2022-07-22 10:00,주,금,1,0,0,0,0,경기,동두천시,차대차,기타,기타,안전운전 의무 불이행,교차로,교차로내,승용차,사륜오토바이(ATV),960770,1989489,127.05375515,37.90441872
2022,2022-07-22 12:00,주,금,1,0,0,0,0,인천,남동구,차대차,정면충돌,정면충돌,안전운전 의무 불이행,단일로,기타단일로,화물차,화물차,931308,1937615,126.72353117,37.43515294
2022,2022-07-22 20:00,야,금,1,0,0,0,0,경북,영주시,차대사람,차도통행중,차도통행중,안전운전 의무 불이행,교차로,교차로내,승용차,보행자,1098826,1869912,128.60810942,36.82224947
2022,2022-07-22 20:00,야,금,1,0,0,0,0,광주,광산구,차대사람,횡단중,횡단중,안전운전 의무 불이행,단일로,기타단일로,승용차,보행자,934198,1684281,126.77756665,35.15161831
2022,2022-07-23 09:00,주,토,1,4,0,3,1,충남,천안시,차대차,측면충돌,측면충돌,기타,교차로,교차로내,승용차,화물차,973856,1876137,127.20661681,36.88316711
2022,2022-07-23 10:00,주,토,1,0,0,0,0,광주,북구,차대차,측면충돌,측면충돌,안전운전 의무 불이행,교차로,교차로내,화물차,자전거,947402,1686364,126.92239186,35.17117779
2022,2022-07-23 15:00,주,토,1,0,0,0,0,경북,영덕군,차대사람,차도통행중,차도통행중,안전운전 의무 불이행,단일로,기타단일로,화물차,보행자,1169977,1836161,129.39810645,36.50804634
2022,2022-07-23 17:00,주,토,1,0,0,0,0,충남,논산시,차대차,측면충돌,측면충돌,교차로 통행방법 위반,교차로,교차로내,화물차,이륜차,959140,1795373,127.04575626,36.15456743
2022,2022-07-23 22:00,야,토,1,0,0,0,0,경남,진주시,차대사람,횡단중,횡단중,기타,단일로,기타단일로,승용차,보행자,1056184,1687970,128.11709549,35.18546437
2022,2022-07-23 23:00,야,토,1,0,0,0,0,인천,서구,차대사람,기타,기타,안전운전 의무 불이행,단일로,기타단일로,승용차,보행자,924902,1948672,126.64999877,37.53430851
2022,2022-07-24 01:00,야,일,1,2,0,2,0,경북,칠곡군,차대차,추돌,추돌,안전운전 의무 불이행,단일로,기타단일로,승용차,승용차,1085153,1775230,128.44443499,35.97010601
2022,2022-07-24 01:00,야,일,1,0,0,0,0,광주,광산구,차량단독,기타,기타,안전운전 의무 불이행,교차로,교차로내,승용차,없음,937184,1688045,126.81006085,35.18574757
2022,2022-07-24 06:00,주,일,1,2,1,0,1,경남,양산시,차대차,기타,기타,안전운전 의무 불이행,단일로,기타단일로,승용차,승용차,1142295,1703295,129.06532823,35.31508968
2022,2022-07-24 19:00,야,일,1,0,0,0,0,경남,창원시(통합),차대차,정면충돌,정면충돌,신호위반,교차로,교차로부근,승용차,이륜차,1119082,1680032,128.80667174,35.10841507
2022,2022-07-24 21:00,야,일,1,0,0,0,0,전남,진도군,차대사람,차도통행중,차도통행중,안전운전 의무 불이행,단일로,지하차도(도로)내,승용차,보행자,866663,1590589,126.05108168,34.30030324
2022,2022-07-25 01:00,야,월,1,0,0,0,0,서울,성동구,차대차,추돌,추돌,기타,교차로,교차로내,승용차,이륜차,959722,1950356,127.04400223,37.55166602
2022,2022-07-25 04:00,야,월,1,0,0,0,0,경기,연천군,차대차,추돌,추돌,안전거리 미확보,단일로,교량위,승용차,농기계,963248,2011005,127.08083954,38.09843853
2022,2022-07-25 06:00,주,월,1,0,0,0,0,충북,청주시,차대차,기타,기타,안전운전 의무 불이행,단일로,기타단일로,건설기계,개인형이동장치(PM),994247,1851326,127.43562778,36.65984624
2022,2022-07-25 08:00,주,월,1,0,0,0,0,경북,포항시,차대사람,횡단중,횡단중,안전운전 의무 불이행,단일로,기타단일로,화물차,보행자,1184714,1778524,129.5489736,35.9860198
2022,2022-07-25 17:00,주,월,1,0,0,0,0,경북,김천시,차대사람,차도통행중,차도통행중,안전운전 의무 불이행,단일로,기타단일로,승용차,보행자,1065987,1795859,128.23360663,36.15756339
2022,2022-07-26 04:00,야,화,1,0,0,0,0,대구,북구,차량단독,기타,기타,안전운전 의무 불이행,단일로,기타단일로,승합차,없음,1094365,1767175,128.54563431,35.89664634
2022,2022-07-26 05:00,야,화,1,1,1,0,0,부산,사하구,차량단독,공작물충돌,공작물충돌,안전운전 의무 불이행,단일로,기타단일로,이륜차,없음,1132958,1674061,128.95793167,35.0528536
2022,2022-07-26 05:00,야,화,1,0,0,0,0,경기,평택시,차대차,측면충돌,측면충돌,안전거리 미확보,교차로,교차로부근,승용차,이륜차,960640,1892179,127.05747673,37.0273147
2022,2022-07-26 07:00,주,화,1,0,0,0,0,충북,청주시,차대차,정면충돌,정면충돌,중앙선 침범,단일로,기타단일로,승용차,이륜차,994005,1853562,127.43290246,36.68000212
2022,2022-07-26 07:00,주,화,1,0,0,0,0,인천,남동구,차대차,정면충돌,정면충돌,신호위반,교차로,교차로내,승용차,이륜차,928293,1934239,126.68978168,37.40449666
2022,2022-07-26 21:00,야,화,1,0,0,0,0,충남,서산시,차량단독,도로이탈,도로이탈 추락,안전운전 의무 불이행,단일로,기타단일로,승용차,없음,903986,1861536,126.42447131,36.74704485
2022,2022-07-26 23:00,야,화,1,0,0,0,0,대구,동구,차량단독,주/정차차량 충돌,주/정차차량 충돌,안전운전 의무 불이행,단일로,기타단일로,자전거,승용차,1104738,1765359,128.66031588,35.8792208
2022,2022-07-27 00:00,야,수,1,0,0,0,0,서울,강남구,차대사람,횡단중,횡단중,기타,교차로,교차로부근,승용차,보행자,961098,1942026,127.06002085,37.47664372
2022,2022-07-27 00:00,야,수,1,0,0,0,0,경기,부천시,차대차,기타,기타,안전운전 의무 불이행,교차로,교차로횡단보도내,승용차,승용차,937747,1942788,126.79587291,37.48223313
2022,2022-07-27 01:00,야,수,1,0,0,0,0,경기,부천시,차대사람,길가장자리구역통행중,길가장자리구역통행중,안전운전 의무 불이행,교차로,교차로부근,승용차,보행자,936917,1945147,126.78628336,37.50343842
2022,2022-07-27 04:00,야,수,1,1,0,1,0,경기,남양주시,차량단독,공작물충돌,공작물충돌,안전운전 의무 불이행,단일로,기타단일로,이륜차,없음,970220,1956347,127.16260704,37.60606441
2022,2022-07-27 11:00,주,수,1,3,1,2,0,경기,평택시,차대차,추돌,추돌,안전운전 의무 불이행,단일로,기타단일로,화물차,화물차,953744,1892783,126.97991078,37.03244472
2022,2022-07-27 21:00,야,수,1,1,0,1,0,서울,영등포구,차대차,기타,기타,신호위반,단일로,기타단일로,승용차,원동기장치자전거,946770,1944685,126.8977868,37.49989526
2022,2022-07-28 04:00,야,목,1,0,0,0,0,충남,천안시,차량단독,공작물충돌,공작물충돌,안전운전 의무 불이행,교차로,교차로내,승용차,없음,969025,1864901,127.152863,36.78173378
2022,2022-07-28 05:00,야,목,1,1,1,0,0,경남,창원시(통합),차대차,추돌,추돌,기타,단일로,기타단일로,승용차,특수차,1111159,1689233,128.72099045,35.19226945
2022,2022-07-28 07:00,주,목,1,3,0,3,0,경기,성남시,차대차,추돌,추돌,기타,단일로,기타단일로,승용차,승용차,965773,1931805,127.11336774,37.3847011
2022,2022-07-28 08:00,주,목,1,0,0,0,0,경기,남양주시,차대차,측면충돌,측면충돌,기타,교차로,교차로내,화물차,화물차,983024,1961278,127.30755455,37.65083514
2022,2022-07-28 10:00,주,목,1,0,0,0,0,경기,포천시,차량단독,공작물충돌,공작물충돌,안전운전 의무 불이행,단일로,기타단일로,승용차,없음,972323,1985671,127.18531587,37.8704322
2022,2022-07-28 11:00,주,목,1,0,0,0,0,경기,군포시,차대사람,횡단중,횡단중,안전운전 의무 불이행,단일로,기타단일로,이륜차,보행자,950839,1929465,126.94483311,37.36293783
2022,2022-07-28 14:00,주,목,1,0,0,0,0,경기,하남시,차대차,기타,기타,안전운전 의무 불이행,단일로,기타단일로,화물차,승용차,968984,1945792,127.14905048,37.51088703
2022,2022-07-28 14:00,주,목,1,0,0,0,0,충남,아산시,차대차,측면충돌,측면충돌,중앙선 침범,기타,기타,승용차,이륜차,955481,1861753,127.00126355,36.75281656
2022,2022-07-28 15:00,주,목,1,0,0,0,0,서울,동대문구,차대차,측면충돌,측면충돌,안전운전 의무 불이행,교차로,교차로부근,승용차,자전거,959062,1953811,127.03633743,37.58277777
2022,2022-07-28 15:00,주,목,1,3,1,1,1,경북,성주군,차량단독,공작물충돌,공작물충돌,안전운전 의무 불이행,단일로,기타단일로,승용차,없음,1064328,1772195,128.21323681,35.9443401
2022,2022-07-28 19:00,야,목,1,1,0,1,0,경북,김천시,차대사람,횡단중,횡단중,안전운전 의무 불이행,단일로,기타단일로,승용차,보행자,1055360,1792601,128.11523891,36.12885735
2022,2022-07-28 21:00,야,목,1,0,0,0,0,경남,거제시,차대사람,횡단중,횡단중,안전운전 의무 불이행,교차로,교차로내,승용차,보행자,1105557,1658310,128.65553432,34.91408736
2022,2022-07-29 00:00,야,금,1,2,1,1,0,대구,달성군,차대차,기타,기타,안전운전 의무 불이행,단일로,기타단일로,승용차,승용차,1083805,1763400,128.42823916,35.8635767
2022,2022-07-29 01:00,야,금,1,0,0,0,0,대구,달성군,차대사람,기타,기타,안전운전 의무 불이행,단일로,기타단일로,승용차,보행자,1083055,1740135,128.41752161,35.65390325
2022,2022-07-29 04:00,야,금,1,0,0,0,0,인천,남동구,차대사람,횡단중,횡단중,안전운전 의무 불이행,단일로,기타단일로,화물차,보행자,932792,1939376,126.74014389,37.45113376
2022,2022-07-29 06:00,주,금,1,0,0,0,0,전북,정읍시,차대사람,횡단중,횡단중,안전운전 의무 불이행,단일로,기타단일로,승용차,보행자,940717,1725461,126.84614959,35.52331727
2022,2022-07-29 11:00,주,금,1,7,0,7,0,경기,연천군,차대차,측면충돌,측면충돌,신호위반,교차로,교차로내,화물차,승합차,962141,2004979,127.06853356,38.04408329
2022,2022-07-29 12:00,주,금,1,0,0,0,0,경남,창원시(통합),차대차,측면충돌,측면충돌,안전운전 의무 불이행,단일로,기타단일로,이륜차,승합차,1105584,1694222,128.66040509,35.2378485
2022,2022-07-29 13:00,주,금,2,1,0,1,0,충남,예산군,차대차,정면충돌,정면충돌,중앙선 침범,교차로,교차로부근,화물차,화물차,936422,1848515,126.78886233,36.63240017
2022,2022-07-29 16:00,주,금,1,1,0,1,0,충남,부여군,차량단독,공작물충돌,공작물충돌,안전운전 의무 불이행,단일로,기타단일로,승용차,없음,941838,1811180,126.85224399,36.29618393
2022,2022-07-29 19:00,야,금,1,0,0,0,0,전남,영광군,차대차,측면충돌,측면충돌,기타,교차로,교차로내,원동기장치자전거,승용차,908767,1698245,126.49684736,35.27552788
2022,2022-07-29 22:00,야,금,1,4,2,2,0,경기,성남시,차대차,정면충돌,정면충돌,신호위반,교차로,교차로내,승합차,승용차,967151,1935847,127.12875379,37.42118404