발생년,발생년월일시,주야,요일,사망자수,부상자수,중상자수,경상자수,부상신고자수,발생지시도,발생지시군구,사고유형_대분류,사고유형_중분류,사고유형,가해자법규위반,도로형태_대분류,도로형태,가해자_당사자종별,피해자_당사자종별,발생위치X_UTMK,발생위치Y_UTMK,경도,위도
2022,2022-09-21 16:00,주,수,1,0,0,0,0,충북,청주시,차대사람,횡단중,횡단중,안전운전 의무 불이행,교차로,교차로횡단보도내,승용차,보행자,1001888,1845906,127.52111213,36.61100055
2022,2022-09-21 16:00,주,수,1,0,0,0,0,충남,천안시,차대사람,횡단중,횡단중,보행자 보호의무 위반,기타,기타,특수차,보행자,967849,1867476,127.13957506,36.80490709
2022,2022-09-21 18:00,야,수,1,0,0,0,0,경남,함안군,차대사람,횡단중,횡단중,안전운전 의무 불이행,단일로,기타단일로,승용차,보행자,1078774,1704381,128.36676458,35.33190811
2022,2022-09-21 19:00,야,수,1,0,0,0,0,충북,청주시,차대차,추돌,추돌,기타,단일로,기타단일로,승용차,농기계,1001903,1859673,127.52131407,36.73510901
2022,2022-09-21 21:00,야,수,1,0,0,0,0,전남,곡성군,차대사람,횡단중,횡단중,기타,단일로,기타단일로,승용차,보행자,975745,1692672,127.23345173,35.22914157
2022,2022-09-21 21:00,야,수,1,0,0,0,0,전남,완도군,차대사람,차도통행중,차도통행중,안전운전 의무 불이행,단일로,기타단일로,승용차,보행자,925967,1599750,126.69464596,34.38883984
2022,2022-09-22 00:00,야,목,1,0,0,0,0,부산,동래구,차대사람,차도통행중,차도통행중,안전운전 의무 불이행,단일로,기타단일로,승용차,보행자,1144889,1689897,129.09149118,35.19395317
2022,2022-09-22 03:00,야,목,1,0,0,0,0,전남,해남군,차대사람,기타,기타,안전운전 의무 불이행,단일로,기타단일로,화물차,보행자,921255,1625924,126.640974,34.6245069
2022,2022-09-22 07:00,주,목,1,3,3,0,0,경기,김포시,차대차,기타,기타,안전운전 의무 불이행,단일로,기타단일로,건설기계,승용차,921144,1968320,126.60534851,37.71106996
2022,2022-09-22 10:00,주,목,1,2,0,2,0,경기,수원시,차대차,기타,기타,안전운전 의무 불이행,단일로,기타단일로,승합차,승용차,954210,1924719,126.98319301,37.32033211
2022,2022-09-22 14:00,주,목,1,0,0,0,0,경남,창녕군,차대차,정면충돌,정면충돌,중앙선 침범,단일로,기타단일로,이륜차,화물차,1094297,1735440,128.54114743,35.6105677
2022,2022-09-22 15:00,주,목,1,0,0,0,0,강원,강릉시,차량단독,기타,기타,안전운전 의무 불이행,기타,기타,농기계,없음,1124571,1968191,128.91316535,37.70483218
2022,2022-09-22 15:00,주,목,1,0,0,0,0,충북,영동군,차대차,측면충돌,측면충돌,기타,교차로,교차로내,승용차,자전거,1028314,1810156,127.81530564,36.288291
2022,2022-09-22 16:00,주,목,1,0,0,0,0,서울,마포구,차대사람,횡단중,횡단중,보행자 보호의무 위반,단일로,기타단일로,승용차,보행자,946124,1951795,126.88995696,37.56394096
2022,2022-09-22 16:00,주,목,1,0,0,0,0,경남,창원시(통합),차대차,측면충돌,측면충돌,신호위반,교차로,교차로내,화물차,이륜차,1103190,1696352,128.6343663,35.25730047
2022,2022-09-22 19:00,야,목,1,0,0,0,0,경기,안양시,차량단독,기타,기타,안전운전 의무 불이행,단일로,기타단일로,자전거,없음,946849,1936248,126.89928919,37.42385521
2022,2022-09-23 05:00,야,금,1,0,0,0,0,경남,진주시,차대사람,횡단중,횡단중,신호위반,교차로,교차로내,승합차,보행자,1051984,1687429,128.0709329,35.18081257
2022,2022-09-23 09:00,주,금,1,0,0,0,0,서울,강북구,차대사람,횡단중,횡단중,보행자 보호의무 위반,단일로,기타단일로,건설기계,보행자,957733,1957802,127.02105514,37.61868936
2022,2022-09-23 10:00,주,금,1,0,0,0,0,부산,금정구,차량단독,기타,기타,안전운전 의무 불이행,단일로,기타단일로,자전거,없음,1146018,1695942,129.10496066,35.24827659
2022,2022-09-23 10:00,주,금,1,1,0,1,0,전북,정읍시,차대차,추돌,추돌,안전운전 의무 불이행,단일로,터널안,승용차,화물차,942604,1726847,126.86686257,35.5359246
2022,2022-09-23 11:00,주,금,1,3,3,0,0,경북,영주시,차대차,기타,기타,안전운전 의무 불이행,단일로,기타단일로,특수차,화물차,1101275,1872608,128.63592383,36.84628921
2022,2022-09-23 13:00,주,금,1,0,0,0,0,경남,창원시(통합),차대차,추돌,추돌,안전운전 의무 불이행,교차로,교차로부근,이륜차,화물차,1103172,1691311,128.63353598,35.21185609
2022,2022-09-23 13:00,주,금,1,3,2,1,0,경기,연천군,차대차,측면충돌,측면충돌,중앙선 침범,단일로,기타단일로,승용차,화물차,962875,2013608,127.0764501,38.12188278
2022,2022-09-23 14:00,주,금,1,0,0,0,0,전남,고흥군,차량단독,공작물충돌,공작물충돌,안전운전 의무 불이행,단일로,기타단일로,화물차,없음,972446,1623907,127.199467,34.60897229
2022,2022-09-23 22:00,야,금,1,0,0,0,0,경남,창원시(통합),차량단독,기타,기타,안전운전 의무 불이행,단일로,기타단일로,이륜차,없음,1093944,1696704,128.53278084,35.26138405
2022,2022-09-24 08:00,주,토,1,0,0,0,0,강원,인제군,차대차,정면충돌,정면충돌,안전운전 의무 불이행,교차로,교차로내,승합차,자전거,1066867,1985897,128.26026511,37.87043501
2022,2022-09-24 12:00,주,토,1,0,0,0,0,전북,전주시,차대사람,기타,기타,안전운전 의무 불이행,교차로,교차로부근,승용차,보행자,965124,1762937,127.11370864,35.86236723
2022,2022-09-24 13:00,주,토,1,0,0,0,0,강원,동해시,차대차,기타,기타,교차로 통행방법 위반,교차로,교차로내,화물차,자전거,1144016,1943572,129.12883503,37.48016868
2022,2022-09-24 16:00,주,토,1,0,0,0,0,강원,삼척시,차량단독,도로이탈,도로이탈 추락,안전운전 의무 불이행,단일로,기타단일로,농기계,없음,1162039,1907641,129.32474246,37.15346846
2022,2022-09-24 23:00,야,토,1,0,0,0,0,충남,공주시,차량단독,공작물충돌,공작물충돌,안전운전 의무 불이행,교차로,교차로내,승용차,없음,968424,1831786,127.14749009,36.48318829
2022,2022-09-25 15:00,주,일,1,0,0,0,0,충북,음성군,차대사람,기타,기타,안전운전 의무 불이행,교차로,교차로부근,화물차,보행자,1009529,1892555,127.60714038,37.03148086
2022,2022-09-25 16:00,주,일,1,0,0,0,0,전남,영암군,차량단독,전도,전도,안전운전 의무 불이행,단일로,기타단일로,이륜차,없음,901172,1639710,126.42030755,34.74706627
2022,2022-09-25 18:00,야,일,1,0,0,0,0,서울,용산구,차대사람,기타,기타,안전운전 의무 불이행,단일로,기타단일로,화물차,보행자,956591,1948082,127.00869102,37.53102763
2022,2022-09-25 22:00,야,일,1,0,0,0,0,부산,동래구,차대차,기타,기타,안전운전 의무 불이행,단일로,기타단일로,원동기장치자전거,승용차,1145958,1691614,129.10353347,35.20927465
2022,2022-09-26 07:00,주,월,1,0,0,0,0,전북,김제시,차대차,정면충돌,정면충돌,중앙선 침범,단일로,기타단일로,자전거,화물차,938006,1746852,126.81460735,35.71600997
2022,2022-09-26 10:00,주,월,1,0,0,0,0,충남,아산시,차대차,측면충돌,측면충돌,안전운전 의무 불이행,교차로,교차로내,승용차,이륜차,955518,1865941,127.00143365,36.79057075
2022,2022-09-26 10:00,주,월,1,0,0,0,0,경남,양산시,차량단독,공작물충돌,공작물충돌,안전운전 의무 불이행,단일로,기타단일로,이륜차,없음,1147823,1706491,129.12669519,35.34309382
2022,2022-09-26 12:00,주,월,1,0,0,0,0,경기,안산시,차대사람,횡단중,횡단중,안전운전 의무 불이행,단일로,기타단일로,승용차,보행자,918698,1918341,126.5831228,37.26041917
2022,2022-09-26 13:00,주,월,1,1,0,1,0,제주,제주시,차대차,측면충돌,측면충돌,안전운전 의무 불이행,단일로,기타단일로,자전거,자전거,918438,1504698,126.62160621,33.53110351
2022,2022-09-26 16:00,주,월,1,0,0,0,0,광주,서구,차대차,기타,기타,안전운전 의무 불이행,단일로,기타단일로,건설기계,자전거,939798,1684799,126.83900688,35.15663989
2022,2022-09-26 19:00,야,월,1,0,0,0,0,경북,안동시,차대사람,기타,기타,안전운전 의무 불이행,단일로,기타단일로,승합차,보행자,1110710,1841627,128.73724271,36.56600664
2022,2022-09-27 00:00,야,화,1,0,0,0,0,울산,북구,차대차,추돌,추돌,안전운전 의무 불이행,단일로,기타단일로,이륜차,화물차,1169357,1731024,129.36866398,35.5607641
2022,2022-09-27 09:00,주,화,1,0,0,0,0,강원,원주시,차량단독,기타,기타,안전운전 의무 불이행,단일로,기타단일로,이륜차,없음,1043032,1925928,127.98575013,37.33136142
2022,2022-09-27 10:00,주,화,1,1,0,0,1,경남,진주시,차대차,추돌,추돌,안전운전 의무 불이행,교차로,교차로부근,승용차,승용차,1056251,1685021,128.11763022,35.15887049
2022,2022-09-27 14:00,주,화,1,1,0,1,0,서울,광진구,차대차,기타,기타,안전운전 의무 불이행,교차로,교차로내,이륜차,승용차,962909,1951036,127.08004777,37.55792892
2022,2022-09-27 14:00,주,화,1,0,0,0,0,경북,구미시,차대차,기타,기타,안전운전 의무 불이행,단일로,기타단일로,승용차,자전거,1083085,1790479,128.42310451,36.1077497
2022,2022-09-27 15:00,주,화,1,0,0,0,0,경기,용인시,차대차,추돌,추돌,안전거리 미확보,단일로,기타단일로,화물차,화물차,978484,1916333,127.25739978,37.24562081
2022,2022-09-27 17:00,주,화,1,1,1,0,0,충남,홍성군,차대차,정면충돌,정면충돌,신호위반,교차로,교차로내,이륜차,승합차,923399,1843997,126.64366037,36.59071641
2022,2022-09-27 17:00,주,화,1,0,0,0,0,전북,익산시,차량단독,도로이탈,도로이탈 추락,안전운전 의무 불이행,단일로,기타단일로,농기계,없음,963613,1777090,127.09632494,35.98991332
2022,2022-09-27 18:00,야,화,1,0,0,0,0,경북,의성군,차대사람,길가장자리구역통행중,길가장자리구역통행중,안전운전 의무 불이행,단일로,기타단일로,승합차,보행자,1080489,1820582,128.39736208,36.37933108
2022,2022-09-27 19:00,야,화,1,0,0,0,0,충남,서산시,차대사람,차도통행중,차도통행중,기타,단일로,기타단일로,승용차,보행자,914246,1869009,126.53854506,36.81538588
2022,2022-09-28 04:00,야,수,1,0,0,0,0,경남,밀양시,차대차,추돌,추돌,안전운전 의무 불이행,단일로,기타단일로,승용차,화물차,1116566,1715399,128.78409185,35.42753518
2022,2022-09-28 08:00,주,수,1,1,0,1,0,충북,옥천군,차대차,측면충돌,측면충돌,기타,교차로,교차로부근,승용차,농기계,1015190,1803581,127.66902941,36.22931005
2022,2022-09-28 08:00,주,수,1,0,0,0,0,경남,고성군,차대차,측면충돌,측면충돌,기타,단일로,기타단일로,화물차,이륜차,1075031,1665475,128.32204699,34.98140923
2022,2022-09-28 10:00,주,수,1,0,0,0,0,경북,경산시,차대차,측면충돌,측면충돌,기타,교차로,교차로횡단보도내,자전거,화물차,1112307,1758791,128.74322559,35.81917741
2022,2022-09-28 12:00,주,수,1,0,0,0,0,충남,보령시,차대차,측면충돌,측면충돌,기타,교차로,교차로내,이륜차,화물차,915027,1821068,126.55259922,36.38332598
2022,2022-09-28 14:00,주,수,1,3,2,1,0,경북,김천시,차대차,기타,기타,안전운전 의무 불이행,단일로,기타단일로,승용차,화물차,1068400,1786642,128.25963019,36.07430503
2022,2022-09-28 14:00,주,수,1,0,0,0,0,경남,남해군,차대차,측면충돌,측면충돌,교차로 통행방법 위반,교차로,교차로내,승용차,원동기장치자전거,1037019,1650365,127.90492814,34.84726254
2022,2022-09-28 19:00,야,수,1,0,0,0,0,경기,용인시,차대사람,기타,기타,안전운전 의무 불이행,단일로,기타단일로,승용차,보행자,972268,1920323,127.18716439,37.28142191
2022,2022-09-28 19:00,야,수,1,0,0,0,0,경기,양평군,차대사람,차도통행중,차도통행중,안전운전 의무 불이행,단일로,기타단일로,승합차,보행자,1022073,1949056,127.74985763,37.54056454
2022,2022-09-29 01:00,야,목,1,0,0,0,0,충북,영동군,차대차,추돌,추돌,안전운전 의무 불이행,단일로,기타단일로,승용차,자전거,1023118,1799793,127.75713721,36.19500207
2022,2022-09-29 04:00,야,목,1,0,0,0,0,충남,태안군,차대사람,차도통행중,차도통행중,기타,단일로,기타단일로,승용차,보행자,878525,1863911,126.13894971,36.76552982
2022,2022-09-29 07:00,주,목,1,0,0,0,0,전북,진안군,차대사람,기타,기타,안전운전 의무 불이행,단일로,기타단일로,화물차,보행자,985816,1761609,127.34291835,35.8509121
2022,2022-09-29 09:00,주,목,1,0,0,0,0,경북,영덕군,차대사람,횡단중,횡단중,안전운전 의무 불이행,단일로,기타단일로,승용차,보행자,1159683,1829270,129.28178436,36.44772602
2022,2022-09-29 12:00,주,목,2,2,1,1,0,충남,천안시,차대차,추돌,추돌,안전운전 의무 불이행,단일로,교량위,화물차,승용차,967621,1858206,127.13741275,36.7213339
2022,2022-09-29 13:00,주,목,1,0,0,0,0,충남,예산군,차대차,측면충돌,측면충돌,기타,교차로,교차로내,화물차,이륜차,942032,1853971,126.85119536,36.68194059
2022,2022-09-29 14:00,주,목,1,0,0,0,0,충남,홍성군,차대차,측면충돌,측면충돌,중앙선 침범,단일로,기타단일로,사륜오토바이(ATV),승용차,926896,1845381,126.68261883,36.60346641
2022,2022-09-29 17:00,주,목,1,0,0,0,0,전남,완도군,차량단독,기타,기타,안전운전 의무 불이행,단일로,기타단일로,화물차,없음,933255,1596191,126.77419807,34.35724215
2022,2022-09-29 19:00,야,목,1,3,2,1,0,전북,김제시,차대차,측면충돌,측면충돌,안전운전 의무 불이행,단일로,교량위,승용차,불명,942145,1750844,126.86007674,35.75225287
2022,2022-09-29 22:00,야,목,1,0,0,0,0,충남,천안시,차대차,기타,기타,신호위반,교차로,교차로부근,이륜차,승용차,968965,1870439,127.15196472,36.83165443
2022,2022-09-29 22:00,야,목,1,0,0,0,0,충남,천안시,차대사람,기타,기타,안전운전 의무 불이행,단일로,기타단일로,승합차,보행자,975232,1879513,127.22194747,36.91363711
2022,2022-09-29 23:00,야,목,1,0,0,0,0,경북,청도군,차량단독,도로이탈,도로이탈 추락,안전운전 의무 불이행,단일로,기타단일로,원동기장치자전거,없음,1110862,1733395,128.72372885,35.59041412
2022,2022-09-30 00:00,야,금,1,0,0,0,0,전남,여수시,차량단독,전복,전복,안전운전 의무 불이행,단일로,기타단일로,화물차,없음,1012175,1645632,127.63310749,34.80518301
2022,2022-09-30 00:00,야,금,1,0,0,0,0,대전,동구,차대사람,횡단중,횡단중,기타,단일로,기타단일로,승용차,보행자,995232,1816309,127.44686541,36.34416706
2022,2022-09-30 01:00,야,금,1,0,0,0,0,대구,북구,차대사람,횡단중,횡단중,안전운전 의무 불이행,단일로,기타단일로,승용차,보행자,1094935,1773109,128.55265812,35.95008344
2022,2022-09-30 05:00,야,금,1,0,0,0,0,경남,거제시,차대사람,횡단중,횡단중,안전운전 의무 불이행,교차로,교차로내,화물차,보행자,1102504,1655771,128.62180748,34.89150929
2022,2022-09-30 05:00,야,금,1,1,1,0,0,광주,북구,차대차,추돌,추돌,안전운전 의무 불이행,단일로,기타단일로,승합차,승용차,941682,1687627,126.85949133,35.18224999
2022,2022-09-30 05:00,야,금,1,0,0,0,0,대전,서구,차대차,기타,기타,기타,단일로,기타단일로,승용차,기타,989219,1814380,127.37988334,36.32672774
2022,2022-09-30 08:00,주,금,1,0,0,0,0,서울,광진구,차대사람,기타,기타,안전운전 의무 불이행,교차로,교차로부근,승용차,보행자,963645,1950712,127.08839678,37.55503794
2022,2022-09-30 14:00,주,금,1,0,0,0,0,서울,강남구,차대차,기타,기타,신호위반,교차로,교차로내,승용차,이륜차,960567,1944792,127.05386719,37.50155229
2022,2022-09-30 14:00,주,금,1,0,0,0,0,전남,해남군,차대사람,횡단중,횡단중,안전운전 의무 불이행,단일로,기타단일로,화물차,보행자,916505,1620000,126.58974501,34.57071491
2022,2022-09-30 15:00,주,금,1,0,0,0,0,서울,중구,차대사람,차도통행중,차도통행중,안전운전 의무 불이행,교차로,교차로내,화물차,보행자,956716,1950699,127.00995137,37.55462124
2022,2022-09-30 20:00,야,금,1,0,0,0,0,경북,경산시,차대사람,기타,기타,안전운전 의무 불이행,단일로,기타단일로,승용차,보행자,1116076,1762055,128.78541325,35.84816012
2022,2022-10-01 01:00,야,토,1,0,0,0,0,경기,광명시,차대사람,기타,기타,안전운전 의무 불이행,단일로,기타단일로,승용차,보행자,942043,1940057,126.84467573,37.45789788
2022,2022-10-01 02:00,야,토,1,2,0,2,0,광주,광산구,차대차,기타,기타,중앙선 침범,단일로,기타단일로,승용차,승용차,936635,1686804,126.80412669,35.17452359
2022,2022-10-01 05:00,야,토,1,0,0,0,0,경기,평택시,차량단독,도로이탈,도로이탈 추락,안전운전 의무 불이행,단일로,교량위,승용차,없음,962871,1889045,127.08271365,36.99915518
2022,2022-10-01 06:00,주,토,1,0,0,0,0,경기,성남시,차량단독,공작물충돌,공작물충돌,안전운전 의무 불이행,교차로,교차로내,이륜차,없음,963188,1934988,127.0840094,37.41329227
2022,2022-10-01 06:00,주,토,1,0,0,0,0,경북,경산시,차대사람,차도통행중,차도통행중,안전운전 의무 불이행,교차로,교차로내,화물차,보행자,1112991,1758733,128.75078757,35.81857605
2022,2022-10-01 08:00,주,토,1,0,0,0,0,충북,진천군,차량단독,공작물충돌,공작물충돌,안전운전 의무 불이행,교차로,교차로내,이륜차,없음,1003265,1863959,127.53658714,36.77374274
2022,2022-10-01 12:00,주,토,1,0,0,0,0,충남,천안시,차대차,측면충돌,측면충돌,교차로 통행방법 위반,교차로,교차로내,승용차,사륜오토바이(ATV),966764,1867316,127.12741902,36.80342729
2022,2022-10-01 15:00,주,토,1,0,0,0,0,경북,영주시,차대사람,기타,기타,안전운전 의무 불이행,단일로,교량위,승용차,보행자,1099252,1868317,128.61267711,36.80782911
2022,2022-10-01 16:00,주,토,1,0,0,0,0,경북,청도군,차대차,정면충돌,정면충돌,중앙선 침범,단일로,기타단일로,승용차,승용차,1131226,1747815,128.95080266,35.71789822
2022,2022-10-01 17:00,주,토,1,2,1,1,0,충북,청주시,차대차,측면충돌,측면충돌,신호위반,교차로,교차로내,승용차,승용차,1012390,1846943,127.63856489,36.62027042
2022,2022-10-01 19:00,야,토,1,0,0,0,0,경남,합천군,차대사람,차도통행중,차도통행중,안전운전 의무 불이행,단일로,기타단일로,화물차,보행자,1067938,1727716,128.24949131,35.54309285
2022,2022-10-01 19:00,야,토,1,0,0,0,0,광주,서구,차대사람,차도통행중,차도통행중,안전운전 의무 불이행,교차로,교차로내,승용차,보행자,940936,1681289,126.8517519,35.12505896
2022,2022-10-01 21:00,야,토,1,0,0,0,0,울산,북구,차대차,추돌,추돌,안전운전 의무 불이행,단일로,기타단일로,승용차,자전거,1166062,1737963,129.33375019,35.62385582
2022,2022-10-02 11:00,주,일,1,0,0,0,0,충남,천안시,차대사람,횡단중,횡단중,안전운전 의무 불이행,기타,기타,화물차,보행자,981118,1863096,127.28843293,36.7657805
2022,2022-10-02 20:00,야,일,1,4,1,3,0,경북,울진군,차대차,추돌,추돌,안전운전 의무 불이행,단일로,기타단일로,화물차,승용차,1168454,1885214,129.39192323,36.95028035
2022,2022-10-02 22:00,야,일,1,1,0,1,0,경기,용인시,차대차,기타,기타,안전운전 의무 불이행,교차로,교차로부근,승용차,화물차,974551,1918311,127.21298671,37.2633512
2022,2022-10-02 23:00,야,일,1,0,0,0,0,서울,동작구,차대사람,차도통행중,차도통행중,안전운전 의무 불이행,단일로,기타단일로,승용차,보행자,948992,1943571,126.92300127,37.48998001
2022,2022-10-03 18:00,야,월,1,1,1,0,0,전북,김제시,차대차,측면충돌,측면충돌,기타,교차로,교차로내,화물차,이륜차,940468,1756273,126.84112514,35.80109891
2022,2022-10-03 21:00,야,월,1,0,0,0,0,경기,용인시,차대사람,횡단중,횡단중,기타,교차로,교차로부근,이륜차,보행자,965050,1919778,127.10576769,37.27626621
2022,2022-10-03 22:00,야,월,1,0,0,0,0,강원,춘천시,차량단독,공작물충돌,공작물충돌,안전운전 의무 불이행,단일로,터널안,승용차,없음,1030316,1973371,127.84417371,37.75948802
2022,2022-10-04 01:00,야,화,1,0,0,0,0,경기,남양주시,차량단독,공작물충돌,공작물충돌,안전운전 의무 불이행,단일로,기타단일로,승용차,없음,977745,1960846,127.24772374,37.64682857
2022,2022-10-04 08:00,주,화,1,0,0,0,0,경기,안산시,차대차,추돌,추돌,안전운전 의무 불이행,단일로,기타단일로,승용차,건설기계,943031,1925346,126.85698007,37.3253652
2022,2022-10-04 08:00,주,화,1,0,0,0,0,경남,사천시,차대차,측면충돌,측면충돌,교차로 통행방법 위반,교차로,교차로내,화물차,이륜차,1053222,1661076,128.08283774,34.94312588
2022,2022-10-04 16:00,주,화,1,0,0,0,0,경기,성남시,차대사람,길가장자리구역통행중,길가장자리구역통행중,기타,단일로,기타단일로,승용차,보행자,969820,1937732,127.15884015,37.43826558
2022,2022-10-04 19:00,야,화,1,0,0,0,0,경남,남해군,차대사람,횡단중,횡단중,안전운전 의무 불이행,단일로,기타단일로,승용차,보행자,1046805,1652205,128.0120706,34.86345091
2022,2022-10-04 20:00,야,화,1,1,0,1,0,경기,안산시,차대차,추돌,추돌,안전운전 의무 불이행,기타,기타,승용차,화물차,943991,1926982,126.86769159,37.34016946
2022,2022-10-04 21:00,야,화,1,0,0,0,0,충북,충주시,차대사람,횡단중,횡단중,기타,단일로,기타단일로,이륜차,보행자,1038739,1885738,127.93521055,36.96928025
2022,2022-10-04 22:00,야,화,1,0,0,0,0,경북,경주시,차대사람,횡단중,횡단중,안전운전 의무 불이행,교차로,교차로내,화물차,보행자,1162490,1754883,129.29774432,35.77693188
2022,2022-10-05 01:00,야,수,1,0,0,0,0,인천,서구,차대사람,횡단중,횡단중,기타,단일로,기타단일로,승용차,보행자,926833,1945300,126.67218862,37.50407299
2022,2022-10-05 03:00,야,수,1,0,0,0,0,부산,강서구,차대사람,기타,기타,중앙선 침범,단일로,기타단일로,승용차,보행자,1125829,1677591,128.88031614,35.08558975
2022,2022-10-05 06:00,주,수,1,0,0,0,0,전북,군산시,차대사람,횡단중,횡단중,기타,단일로,기타단일로,승용차,보행자,926657,1776632,126.68640761,35.98370453
2022,2022-10-05 11:00,주,수,1,1,0,1,0,충북,청주시,차대차,추돌,추돌,안전운전 의무 불이행,단일로,기타단일로,화물차,화물차,984508,1843693,127.32680921,36.59092632
2022,2022-10-05 12:00,주,수,1,0,0,0,0,광주,서구,차대차,기타,기타,신호위반,교차로,교차로부근,승합차,이륜차,941326,1684038,126.85583682,35.14986859
2022,2022-10-05 14:00,주,수,1,0,0,0,0,경남,진주시,차대사람,차도통행중,차도통행중,안전운전 의무 불이행,교차로,교차로내,승용차,보행자,1050291,1685998,128.05225244,35.16799581
2022,2022-10-05 14:00,주,수,1,0,0,0,0,광주,북구,차대사람,차도통행중,차도통행중,안전운전 의무 불이행,교차로,교차로부근,승합차,보행자,946515,1686725,126.91262825,35.17438599
2022,2022-10-05 16:00,주,수,1,0,0,0,0,경남,거창군,차량단독,공작물충돌,공작물충돌,안전운전 의무 불이행,단일로,기타단일로,이륜차,없음,1043715,1750531,127.98351211,35.75016116
2022,2022-10-05 18:00,야,수,1,1,0,1,0,경기,의왕시,차대차,기타,기타,안전운전 의무 불이행,단일로,기타단일로,화물차,화물차,955703,1931654,126.99962839,37.38291347
2022,2022-10-05 19:00,야,수,1,0,0,0,0,전남,담양군,차대차,기타,기타,안전운전 의무 불이행,단일로,기타단일로,승용차,승용차,951102,1704550,126.96193948,35.33534181
2022,2022-10-05 19:00,야,수,1,0,0,0,0,경북,경주시,차대사람,차도통행중,차도통행중,안전운전 의무 불이행,단일로,지하차도(도로)내,승용차,보행자,1180536,1758558,129.49812604,35.80689681
2022,2022-10-06 05:00,야,목,1,1,1,0,0,전북,무주군,차대차,추돌,추돌,안전운전 의무 불이행,단일로,기타단일로,승용차,화물차,1013228,1761201,127.64648763,35.84724689
2022,2022-10-06 11:00,주,목,1,0,0,0,0,경기,수원시,차대사람,차도통행중,차도통행중,안전운전 의무 불이행,단일로,기타단일로,화물차,보행자,955057,1922913,126.99286166,37.30409492
2022,2022-10-06 14:00,주,목,1,1,0,1,0,경북,성주군,차대차,측면충돌,측면충돌,안전운전 의무 불이행,교차로,교차로내,화물차,자전거,1070724,1769435,128.2839011,35.91901583
2022,2022-10-06 18:00,야,목,1,0,0,0,0,충남,부여군,차대사람,기타,기타,안전운전 의무 불이행,단일로,기타단일로,화물차,보행자,932829,1811111,126.75192299,36.29497627
2022,2022-10-06 19:00,야,목,1,0,0,0,0,충남,논산시,차대차,정면충돌,정면충돌,안전운전 의무 불이행,교차로,교차로내,승용차,자전거,965840,1800022,127.12003675,36.19673976
2022,2022-10-06 23:00,야,목,1,0,0,0,0,대구,서구,차대차,기타,기타,안전운전 의무 불이행,단일로,기타단일로,승용차,승용차,1096458,1765307,128.56859644,35.87960303
2022,2022-10-07 07:00,주,금,1,0,0,0,0,강원,홍천군,차대차,정면충돌,정면충돌,중앙선 침범,단일로,기타단일로,화물차,건설기계,1047315,1978294,128.03747601,37.80313665
2022,2022-10-07 09:00,주,금,1,1,0,1,0,충남,천안시,차대차,측면충돌,측면충돌,기타,교차로,교차로내,승용차,이륜차,967712,1870299,127.13791942,36.83035044
2022,2022-10-07 10:00,주,금,1,0,0,0,0,강원,춘천시,차량단독,공작물충돌,공작물충돌,안전운전 의무 불이행,단일로,교량위,승용차,없음,1018864,1987470,127.71452921,37.8868718
2022,2022-10-07 13:00,주,금,1,0,0,0,0,전북,군산시,차량단독,전도,전도,안전운전 의무 불이행,단일로,기타단일로,이륜차,없음,927400,1772204,126.69505422,35.94384125
2022,2022-10-07 14:00,주,금,1,0,0,0,0,강원,횡성군,차대차,정면충돌,정면충돌,중앙선 침범,단일로,기타단일로,승용차,승용차,1052843,1950712,128.09826882,37.55423965
2022,2022-10-07 18:00,야,금,1,0,0,0,0,전남,진도군,차대사람,횡단중,횡단중,안전운전 의무 불이행,단일로,기타단일로,승용차,보행자,886817,1609362,126.26756025,34.47195986
2022,2022-10-07 21:00,야,금,1,0,0,0,0,경북,안동시,차대사람,횡단중,횡단중,신호위반,단일로,기타단일로,승용차,보행자,1106188,1842451,128.68683064,36.57394717
2022,2022-10-07 21:00,야,금,1,0,0,0,0,인천,남동구,차량단독,공작물충돌,공작물충돌,안전운전 의무 불이행,단일로,지하차도(도로)내,이륜차,없음,929841,1941010,126.70662707,37.46564157
2022,2022-10-07 23:00,야,금,1,0,0,0,0,경남,거제시,차대사람,횡단중,횡단중,안전운전 의무 불이행,교차로,교차로횡단보도내,승용차,보행자,1101339,1655692,128.60905023,34.89091401
2022,2022-10-08 03:00,야,토,1,0,0,0,0,전남,함평군,차대사람,기타,기타,안전운전 의무 불이행,단일로,기타단일로,화물차,보행자,916099,1671399,126.5801852,35.03412482
2022,2022-10-08 03:00,야,토,1,0,0,0,0,경북,포항시,차대사람,횡단중,횡단중,안전운전 의무 불이행,교차로,교차로내,화물차,보행자,1168347,1782378,129.36833004,36.02371169
2022,2022-10-08 06:00,주,토,1,0,0,0,0,부산,수영구,차대사람,횡단중,횡단중,기타,단일로,기타단일로,승용차,보행자,1146786,1685207,129.11148637,35.15140376